glytoucan_id,feature,value,bootstrap_ci_lower,bootstrap_ci_upper,bootstrap_std,tier,n_conformers
G00031MO,n_atoms,51.0,73.03809523809524,85.3892857142857,3.087889408274271,ES-B,1
G00031MO,n_residues,3.0,3.0,3.0,0.0,ES-B,1
G00031MO,radius_of_gyration,4.007,4.603130952380952,4.972166666666666,0.10948878211727353,ES-B,1
G00031MO,max_pair_distance,11.514,14.24272380952381,15.821286904761905,0.42298264578430844,ES-B,1
G00031MO,compactness,0.3481,0.3117555952380952,0.3268802380952381,0.0038341212142107253,ES-B,1
G00031MO,branch_proxy,0.0,0.0,0.0,0.0,ES-B,1
G00031MO,terminal_proxy,2.0,1.0476190476190477,1.7142857142857142,0.18680995472317172,ES-B,1
G00031MO,exposure_proxy,15.647,17.85630119047619,19.191829761904764,0.37170868239496435,ES-B,1
G00048MO,n_atoms,91.0,100.03981481481482,114.65092592592593,3.891764210407685,ES-B,1
G00048MO,n_residues,5.0,5.0,5.0,0.0,ES-B,1
G00048MO,radius_of_gyration,4.563,5.4628037037037025,6.094994444444445,0.1724798398903105,ES-B,1
G00048MO,max_pair_distance,12.981,17.532462962962963,19.979277777777778,0.6390592049420185,ES-B,1
G00048MO,compactness,0.3515,0.30413861111111107,0.3148984259259259,0.0033908274679929533,ES-B,1
G00048MO,branch_proxy,1.0,0.7037037037037037,1.2592592592592593,0.14600298773649648,ES-B,1
G00048MO,terminal_proxy,3.0,1.9259259259259258,2.5009259259259258,0.15226637189797995,ES-B,1
G00048MO,exposure_proxy,19.099,17.76756851851852,19.361532407407406,0.434672485636023,ES-B,1
G00051MO,n_atoms,71.0,82.75648148148149,99.80092592592592,4.187343527367507,ES-B,1
G00051MO,n_residues,4.0,4.0,4.0,0.0,ES-B,1
G00051MO,radius_of_gyration,4.224,4.941690740740741,5.6187611111111115,0.17967508863347145,ES-B,1
G00051MO,max_pair_distance,13.37,15.128143518518518,18.281480555555554,0.8263879723521426,ES-B,1
G00051MO,compactness,0.316,0.307915,0.3251876851851852,0.004483698691799862,ES-B,1
G00051MO,branch_proxy,1.0,0.2222222222222222,0.5379629629629626,0.08756655317281765,ES-B,1
G00051MO,terminal_proxy,3.0,1.7407407407407407,2.2222222222222223,0.13694892061900513,ES-B,1
G00051MO,exposure_proxy,18.056,17.948819444444446,19.159909259259262,0.36375487060767914,ES-B,1
G00052MO,n_atoms,91.0,100.45370370370371,115.30648148148147,3.7469662900272835,ES-B,1
G00052MO,n_residues,5.0,5.0,5.0,0.0,ES-B,1
G00052MO,radius_of_gyration,4.625,5.488325000000001,6.1180101851851845,0.16477329464693768,ES-B,1
G00052MO,max_pair_distance,13.799,17.369053703703702,20.29355740740741,0.6970973266856579,ES-B,1
G00052MO,compactness,0.3352,0.30324870370370366,0.31856777777777784,0.0037951253146154746,ES-B,1
G00052MO,branch_proxy,1.0,0.7037037037037037,1.2222222222222223,0.13654365637415,ES-B,1
G00052MO,terminal_proxy,3.0,1.9259259259259258,2.5555555555555554,0.15161272952191845,ES-B,1
G00052MO,exposure_proxy,18.703,17.908124074074077,20.020721296296294,0.5044835668805648,ES-B,1
G00053MO,n_atoms,107.0,100.98055555555555,114.42777777777776,3.5353185664456235,ES-B,1
G00053MO,n_residues,5.0,5.0,5.0,0.0,ES-B,1
G00053MO,radius_of_gyration,5.658,5.444497222222222,6.101531481481482,0.17175123964865735,ES-B,1
G00053MO,max_pair_distance,18.797,17.526371296296297,19.912415740740737,0.6348281378172143,ES-B,1
G00053MO,compactness,0.301,0.30419351851851845,0.31813074074074077,0.0036600817309306024,ES-B,1
G00053MO,branch_proxy,1.0,0.7212962962962963,1.2787037037037035,0.15339057797058755,ES-B,1
G00053MO,terminal_proxy,3.0,2.017592592592593,2.5925925925925926,0.1532791996050021,ES-B,1
G00053MO,exposure_proxy,18.131,17.806478703703707,19.57094351851852,0.4677241242600331,ES-B,1
G00054MO,n_atoms,107.0,102.21296296296296,114.07685185185184,3.3119671401522934,ES-B,1
G00054MO,n_residues,5.0,5.0,5.0,0.0,ES-B,1
G00054MO,radius_of_gyration,5.702,5.393728703703704,6.06982962962963,0.17450126316749334,ES-B,1
G00054MO,max_pair_distance,19.783,17.534387037037035,19.93844537037037,0.7171828694757081,ES-B,1
G00054MO,compactness,0.2882,0.303015,0.3167712037037037,0.003979767281455099,ES-B,1
G00054MO,branch_proxy,1.0,0.6296296296296297,1.2240740740740734,0.15355146409657017,ES-B,1
G00054MO,terminal_proxy,3.0,1.962962962962963,2.5185185185185186,0.1463764431188884,ES-B,1
G00054MO,exposure_proxy,18.093,17.772094444444445,19.6232537037037,0.4470924617787953,ES-B,1
G00058MO,n_atoms,99.0,100.20277777777778,114.44166666666666,3.962958999651877,ES-B,1
G00058MO,n_residues,5.0,5.0,5.0,0.0,ES-B,1
G00058MO,radius_of_gyration,6.926,5.41394537037037,6.138323148148148,0.17368304045897148,ES-B,1
G00058MO,max_pair_distance,23.31,17.54971388888889,20.259135185185183,0.6934641876086668,ES-B,1
G00058MO,compactness,0.2971,0.3026128703703704,0.3174152777777778,0.003798613576228698,ES-B,1
G00058MO,branch_proxy,0.0,0.7037037037037037,1.2592592592592593,0.13623337919791081,ES-B,1
G00058MO,terminal_proxy,2.0,2.0,2.5009259259259258,0.13420445880330734,ES-B,1
G00058MO,exposure_proxy,16.283,17.820391666666666,19.396370370370366,0.427406833866359,ES-B,1
G00061MO,n_atoms,93.0,100.90092592592592,116.58611111111111,4.085260249134074,ES-B,1
G00061MO,n_residues,5.0,5.0,5.0,0.0,ES-B,1
G00061MO,radius_of_gyration,5.385,5.468547222222222,5.995208333333333,0.1616333718631857,ES-B,1
G00061MO,max_pair_distance,15.219,17.36053425925926,20.03114722222222,0.7012333227283657,ES-B,1
G00061MO,compactness,0.3538,0.3033313888888889,0.317565,0.003943139122566905,ES-B,1
G00061MO,branch_proxy,0.0,0.6666666666666666,1.2592592592592593,0.1506141974992404,ES-B,1
G00061MO,terminal_proxy,2.0,1.9259259259259258,2.557407407407407,0.17025600025885332,ES-B,1
G00061MO,exposure_proxy,16.968,17.746733333333335,19.287108333333332,0.404680058981381,ES-B,1
G00066MO,n_atoms,71.0,85.61018518518519,99.69722222222222,4.197022574526335,ES-B,1
G00066MO,n_residues,4.0,4.0,4.0,0.0,ES-B,1
G00066MO,radius_of_gyration,4.433,4.9214212962962955,5.57202962962963,0.15687729649535886,ES-B,1
G00066MO,max_pair_distance,12.213,15.529115740740739,18.444074074074074,0.8059198560589775,ES-B,1
G00066MO,compactness,0.363,0.30976296296296296,0.32348287037037043,0.0037497083802477092,ES-B,1
G00066MO,branch_proxy,1.0,0.25925925925925924,0.5925925925925926,0.09211059732689662,ES-B,1
G00066MO,terminal_proxy,3.0,1.7037037037037037,2.2046296296296295,0.12551731090202986,ES-B,1
G00066MO,exposure_proxy,17.127,18.01835833333334,19.42560648148148,0.3513235622310833,ES-B,1
G00068MO,n_atoms,44.0,73.04047619047618,85.50119047619047,3.1981914886676095,ES-B,1
G00068MO,n_residues,3.0,3.0,3.0,0.0,ES-B,1
G00068MO,radius_of_gyration,3.837,4.548764285714286,4.93952619047619,0.10507774495598018,ES-B,1
G00068MO,max_pair_distance,11.388,14.07742738095238,15.752339285714287,0.4314607794127162,ES-B,1
G00068MO,compactness,0.3369,0.3116690476190476,0.32698345238095233,0.004038356971245955,ES-B,1
G00068MO,branch_proxy,0.0,0.0,0.0,0.0,ES-B,1
G00068MO,terminal_proxy,2.0,1.0476190476190477,1.9047619047619047,0.2222519254525074,ES-B,1
G00068MO,exposure_proxy,16.5,17.861707142857142,19.255249999999997,0.3679485775099694,ES-B,1
G00659GQ,n_atoms,113.0,160.23636363636362,189.21818181818182,7.270968878337471,ES-B,1
G00659GQ,n_residues,7.0,7.0,7.0,0.0,ES-B,1
G00659GQ,radius_of_gyration,5.795,6.758075,7.593479545454544,0.22449338059964666,ES-B,1
G00659GQ,max_pair_distance,19.392,22.036825,25.780772727272726,1.006599171952375,ES-B,1
G00659GQ,compactness,0.2989,0.2934638636363637,0.31106659090909095,0.0046138068969826486,ES-B,1
G00659GQ,branch_proxy,2.0,1.6363636363636365,3.2295454545454536,0.4130155180883864,ES-B,1
G00659GQ,terminal_proxy,3.0,1.315909090909091,2.5022727272727265,0.2945384398715785,ES-B,1
G00659GQ,exposure_proxy,17.292,19.662313636363635,23.61840681818182,0.9701586531150718,ES-B,1
G00672PE,n_atoms,110.0,133.31973684210527,150.80263157894737,4.9601018665261085,ES-B,1
G00672PE,n_residues,6.0,6.0,6.0,0.0,ES-B,1
G00672PE,radius_of_gyration,5.918,6.229292105263157,6.868660526315789,0.17130866625582325,ES-B,1
G00672PE,max_pair_distance,20.587,20.09972894736842,22.253881578947368,0.5769244610041997,ES-B,1
G00672PE,compactness,0.2875,0.3020359210526316,0.31733526315789473,0.0037383713620296214,ES-B,1
G00672PE,branch_proxy,2.0,0.9723684210526315,1.9473684210526316,0.26839989596705255,ES-B,1
G00672PE,terminal_proxy,4.0,1.025,2.0802631578947364,0.27413879251635814,ES-B,1
G00672PE,exposure_proxy,17.418,19.654338157894742,22.181709210526318,0.7389546991981556,ES-B,1
G01614ZM,n_atoms,123.0,98.03333333333333,114.61759259259259,4.222391159713196,ES-B,1
G01614ZM,n_residues,5.0,5.0,5.0,0.0,ES-B,1
G01614ZM,radius_of_gyration,7.189,5.4149722222222225,6.085249074074074,0.17567489179797566,ES-B,1
G01614ZM,max_pair_distance,24.465,17.389075,20.00200833333333,0.626139956190196,ES-B,1
G01614ZM,compactness,0.2939,0.3025369444444444,0.31895388888888887,0.004179107197694469,ES-B,1
G01614ZM,branch_proxy,1.0,0.7037037037037037,1.2592592592592593,0.14909466156437626,ES-B,1
G01614ZM,terminal_proxy,3.0,1.9259259259259258,2.612037037037037,0.16601684017246712,ES-B,1
G01614ZM,exposure_proxy,16.797,17.81501574074074,19.224524074074075,0.3713584356876503,ES-B,1
G01767JJ,n_atoms,129.0,132.68157894736842,149.56052631578947,4.676570084606098,ES-B,1
G01767JJ,n_residues,6.0,6.0,6.0,0.0,ES-B,1
G01767JJ,radius_of_gyration,7.821,6.2696986842105265,6.904122368421053,0.17855287102260642,ES-B,1
G01767JJ,max_pair_distance,25.169,20.433668421052634,22.22250394736842,0.5440892701346196,ES-B,1
G01767JJ,compactness,0.3107,0.3029325,0.316823947368421,0.003631769078165502,ES-B,1
G01767JJ,branch_proxy,0.0,0.9973684210526316,1.9749999999999996,0.2665315331658623,ES-B,1
G01767JJ,terminal_proxy,2.0,1.2355263157894736,2.0526315789473686,0.23658699711145595,ES-B,1
G01767JJ,exposure_proxy,16.729,19.436101315789475,22.313113157894737,0.799655415067178,ES-B,1
G02149VR,n_atoms,213.0,154.62272727272727,186.74545454545455,8.347993028465332,ES-B,1
G02149VR,n_residues,7.0,7.0,7.0,0.0,ES-B,1
G02149VR,radius_of_gyration,7.739,6.731404545454546,7.607734090909089,0.24034970475889078,ES-B,1
G02149VR,max_pair_distance,26.818,21.99410681818182,25.617868181818178,0.94338250047238,ES-B,1
G02149VR,compactness,0.2886,0.2948025,0.3127663636363636,0.004946766753552219,ES-B,1
G02149VR,branch_proxy,2.0,1.5886363636363636,3.2295454545454536,0.44301278827874985,ES-B,1
G02149VR,terminal_proxy,3.0,1.315909090909091,2.5499999999999985,0.33811705147162835,ES-B,1
G02149VR,exposure_proxy,21.146,19.77273409090909,23.81883409090909,1.0767709024057852,ES-B,1
G02240AO,n_atoms,77.0,72.04166666666667,85.2,3.1956051169523523,ES-B,1
G02240AO,n_residues,3.0,3.0,3.0,0.0,ES-B,1
G02240AO,radius_of_gyration,4.912,4.571005952380953,4.934661904761905,0.09319828091511599,ES-B,1
G02240AO,max_pair_distance,14.759,14.144776190476192,15.901707142857143,0.48517489088905524,ES-B,1
G02240AO,compactness,0.3328,0.31350500000000003,0.3256954761904761,0.003513845396018462,ES-B,1
G02240AO,branch_proxy,0.0,0.0,0.0,0.0,ES-B,1
G02240AO,terminal_proxy,2.0,1.0476190476190477,1.7642857142857133,0.20367596870214552,ES-B,1
G02240AO,exposure_proxy,16.961,17.661638095238096,19.189609523809523,0.4131900773625126,ES-B,1
G02657AK,n_atoms,144.0,133.18026315789473,149.06315789473683,4.199208473099903,ES-B,1
G02657AK,n_residues,6.0,6.0,6.0,0.0,ES-B,1
G02657AK,radius_of_gyration,6.415,6.274930263157895,6.833696052631578,0.15494451135362936,ES-B,1
G02657AK,max_pair_distance,22.69,20.164951315789473,22.213119736842103,0.5381427478254438,ES-B,1
G02657AK,compactness,0.2827,0.3020932894736842,0.31724460526315784,0.0041965671167154,ES-B,1
G02657AK,branch_proxy,1.0,0.8947368421052632,1.9749999999999996,0.2888946361622592,ES-B,1
G02657AK,terminal_proxy,1.0,1.105263157894737,2.1052631578947367,0.25703347055617015,ES-B,1
G02657AK,exposure_proxy,18.278,19.42293552631579,22.341265789473685,0.8026943154102733,ES-B,1
G02880JU,n_atoms,51.0,42.13076923076923,56.46153846153846,3.85049109293928,ES-B,1
G02880JU,n_residues,2.0,2.0,2.0,0.0,ES-B,1
G02880JU,radius_of_gyration,3.837,3.5502153846153846,4.247451923076923,0.18694989959341565,ES-B,1
G02880JU,max_pair_distance,10.555,10.914913461538461,13.427428846153846,0.6956688069143314,ES-B,1
G02880JU,compactness,0.3636,0.30906923076923076,0.34225403846153846,0.00871360042128253,ES-B,1
G02880JU,branch_proxy,0.0,0.0,0.0,0.0,ES-B,1
G02880JU,terminal_proxy,2.0,2.0,2.0,0.0,ES-B,1
G02880JU,exposure_proxy,16.745,15.858288461538462,17.353021153846154,0.36911292226637565,ES-B,1
G03277YI,n_atoms,129.0,133.15526315789475,149.95263157894738,4.645494764462467,ES-B,1
G03277YI,n_residues,6.0,6.0,6.0,0.0,ES-B,1
G03277YI,radius_of_gyration,6.579,6.252880263157895,6.876236842105263,0.16944979521398354,ES-B,1
G03277YI,max_pair_distance,18.863,19.829455263157893,22.662776315789472,0.7175839137222653,ES-B,1
G03277YI,compactness,0.3488,0.30173328947368416,0.3172432894736842,0.003914374558674169,ES-B,1
G03277YI,branch_proxy,0.0,1.0776315789473685,1.9473684210526316,0.24906695692217162,ES-B,1
G03277YI,terminal_proxy,2.0,1.1302631578947369,2.0802631578947364,0.27173954859657096,ES-B,1
G03277YI,exposure_proxy,17.364,19.070997368421054,22.423025000000003,0.8182310963340573,ES-B,1
G03509EL,n_atoms,115.0,84.21666666666667,98.62685185185184,4.124952741135113,ES-B,1
G03509EL,n_residues,4.0,4.0,4.0,0.0,ES-B,1
G03509EL,radius_of_gyration,6.774,4.94066574074074,5.57859074074074,0.17107142303719966,ES-B,1
G03509EL,max_pair_distance,22.031,15.464577777777778,18.395002777777776,0.7665083296098721,ES-B,1
G03509EL,compactness,0.3075,0.30740629629629634,0.3246348148148148,0.00449550950633367,ES-B,1
G03509EL,branch_proxy,0.0,0.2222222222222222,0.5925925925925926,0.09001981187212321,ES-B,1
G03509EL,terminal_proxy,2.0,1.7407407407407407,2.185185185185185,0.12705161346025176,ES-B,1
G03509EL,exposure_proxy,19.391,17.915287962962964,19.256825,0.3682824570079068,ES-B,1
G06000DZ,n_atoms,66.0,71.82738095238095,84.61904761904762,3.2665258889560254,ES-B,1
G06000DZ,n_residues,3.0,3.0,3.0,0.0,ES-B,1
G06000DZ,radius_of_gyration,4.449,4.581090476190476,4.955738095238096,0.10509405067510526,ES-B,1
G06000DZ,max_pair_distance,13.261,14.250929761904763,15.878161904761901,0.46265771693666047,ES-B,1
G06000DZ,compactness,0.3355,0.31086071428571427,0.32598940476190474,0.0037919578092603977,ES-B,1
G06000DZ,branch_proxy,0.0,0.0,0.0,0.0,ES-B,1
G06000DZ,terminal_proxy,2.0,1.1428571428571428,1.8095238095238095,0.18174263530478574,ES-B,1
G06000DZ,exposure_proxy,18.091,17.76619642857143,19.204511904761905,0.3789718127029452,ES-B,1
G06580KR,n_atoms,78.0,72.79761904761905,83.50833333333333,3.019906554995871,ES-B,1
G06580KR,n_residues,3.0,3.0,3.0,0.0,ES-B,1
G06580KR,radius_of_gyration,5.172,4.5549928571428575,4.942984523809524,0.0876048045825173,ES-B,1
G06580KR,max_pair_distance,16.842,14.007798809523806,15.834113095238095,0.4948024311061655,ES-B,1
G06580KR,compactness,0.3071,0.3126189285714286,0.32602535714285713,0.003474429018491399,ES-B,1
G06580KR,branch_proxy,0.0,0.0,0.0,0.0,ES-B,1
G06580KR,terminal_proxy,2.0,1.092857142857143,1.8095238095238095,0.17211239274660456,ES-B,1
G06580KR,exposure_proxy,19.872,17.890317857142858,19.208070238095235,0.38392407093235237,ES-B,1
G06597DS,n_atoms,192.0,156.77272727272728,188.2090909090909,8.751550700842765,ES-B,1
G06597DS,n_residues,7.0,7.0,7.0,0.0,ES-B,1
G06597DS,radius_of_gyration,8.556,6.690488636363637,7.590568181818182,0.23874965345481308,ES-B,1
G06597DS,max_pair_distance,30.008,22.10758636363636,25.587874999999997,0.8931141731053499,ES-B,1
G06597DS,compactness,0.2851,0.29365090909090913,0.31085613636363635,0.00433024558977532,ES-B,1
G06597DS,branch_proxy,2.0,1.5454545454545454,3.4113636363636357,0.4934705899448273,ES-B,1
G06597DS,terminal_proxy,2.0,1.1818181818181819,2.4113636363636357,0.3400826345862244,ES-B,1
G06597DS,exposure_proxy,24.312,19.355222727272725,23.09778181818182,0.9756611286674091,ES-B,1
G07357YR,n_atoms,154.0,132.21052631578948,149.29868421052632,4.73019472170683,ES-B,1
G07357YR,n_residues,6.0,6.0,6.0,0.0,ES-B,1
G07357YR,radius_of_gyration,6.232,6.273530263157895,6.904725,0.16794437340102744,ES-B,1
G07357YR,max_pair_distance,20.775,20.196826315789473,22.435692105263158,0.6184884594562857,ES-B,1
G07357YR,compactness,0.3,0.3017286842105263,0.3183430263157894,0.004274388942413281,ES-B,1
G07357YR,branch_proxy,2.0,1.0,2.1078947368421046,0.2719433499748944,ES-B,1
G07357YR,terminal_proxy,0.0,0.9973684210526316,2.0526315789473686,0.2727636339397171,ES-B,1
G07357YR,exposure_proxy,25.935,19.304873684210527,22.294239473684215,0.9116090897781821,ES-B,1
G07394RV,n_atoms,149.0,100.34444444444443,114.24351851851851,3.9869006358804695,ES-B,1
G07394RV,n_residues,5.0,5.0,5.0,0.0,ES-B,1
G07394RV,radius_of_gyration,7.02,5.413352777777777,6.122260185185185,0.18705245569010384,ES-B,1
G07394RV,max_pair_distance,24.547,17.485776851851853,20.260477777777776,0.7342079254676288,ES-B,1
G07394RV,compactness,0.286,0.3021897222222222,0.3189518518518519,0.004188319258351329,ES-B,1
G07394RV,branch_proxy,2.0,0.6842592592592592,1.2222222222222223,0.15456962685898257,ES-B,1
G07394RV,terminal_proxy,2.0,1.962962962962963,2.5749999999999997,0.15210051906957636,ES-B,1
G07394RV,exposure_proxy,19.866,17.82154722222222,19.495034259259256,0.4399252614992831,ES-B,1
G08371CD,n_atoms,67.0,43.69230769230769,55.974999999999994,3.437461220867868,ES-B,1
G08371CD,n_residues,2.0,2.0,2.0,0.0,ES-B,1
G08371CD,radius_of_gyration,5.16,3.568775,4.18470576923077,0.1644269379645633,ES-B,1
G08371CD,max_pair_distance,17.554,10.843919230769231,13.394165384615382,0.6992712791425996,ES-B,1
G08371CD,compactness,0.294,0.30821115384615383,0.34249192307692305,0.008680771068129723,ES-B,1
G08371CD,branch_proxy,0.0,0.0,0.0,0.0,ES-B,1
G08371CD,terminal_proxy,2.0,2.0,2.0,0.0,ES-B,1
G08371CD,exposure_proxy,16.657,15.88338846153846,17.346294230769228,0.37393680618537445,ES-B,1
G10203DW,n_atoms,88.0,72.95238095238095,84.88214285714285,3.2220012865064835,ES-B,1
G10203DW,n_residues,3.0,3.0,3.0,0.0,ES-B,1
G10203DW,radius_of_gyration,4.911,4.598213095238096,4.941215476190475,0.0964914203134367,ES-B,1
G10203DW,max_pair_distance,15.792,14.001284523809524,15.86307380952381,0.49189295811103967,ES-B,1
G10203DW,compactness,0.311,0.31236261904761903,0.3262217857142857,0.0036660495890766553,ES-B,1
G10203DW,branch_proxy,0.0,0.0,0.0,0.0,ES-B,1
G10203DW,terminal_proxy,2.0,1.092857142857143,1.8095238095238095,0.17791689568084165,ES-B,1
G10203DW,exposure_proxy,18.455,17.758275,19.157989285714287,0.3810760011980749,ES-B,1
G12295TB,n_atoms,74.0,100.49722222222222,114.85462962962961,3.8572805583595406,ES-B,1
G12295TB,n_residues,5.0,5.0,5.0,0.0,ES-B,1
G12295TB,radius_of_gyration,4.405,5.434741666666666,6.0844907407407405,0.16624666185412756,ES-B,1
G12295TB,max_pair_distance,14.727,17.187697222222223,19.98800648148148,0.7218061233885316,ES-B,1
G12295TB,compactness,0.2991,0.3043561111111111,0.3177275925925926,0.0034898263630008565,ES-B,1
G12295TB,branch_proxy,1.0,0.7407407407407407,1.2416666666666665,0.1464551411444026,ES-B,1
G12295TB,terminal_proxy,3.0,1.962962962962963,2.6666666666666665,0.18365105278944674,ES-B,1
G12295TB,exposure_proxy,17.568,17.90219537037037,19.54437314814815,0.42055899168483907,ES-B,1
G14000ZZ,n_atoms,128.0,83.30740740740741,101.45925925925926,4.12574997962502,ES-B,1
G14000ZZ,n_residues,4.0,4.0,4.0,0.0,ES-B,1
G14000ZZ,radius_of_gyration,7.483,4.950482407407407,5.660112037037036,0.18099717624266656,ES-B,1
G14000ZZ,max_pair_distance,25.12,15.298516666666663,18.585273148148143,0.8238175341420015,ES-B,1
G14000ZZ,compactness,0.2979,0.30780620370370376,0.3250586111111111,0.004342448829018886,ES-B,1
G14000ZZ,branch_proxy,0.0,0.2222222222222222,0.6120370370370367,0.10187811109306191,ES-B,1
G14000ZZ,terminal_proxy,2.0,1.6842592592592593,2.3333333333333335,0.1496846250235806,ES-B,1
G14000ZZ,exposure_proxy,18.875,17.950051851851853,19.372275,0.35551131512652345,ES-B,1
G16142UJ,n_atoms,100.0,72.34404761904763,84.85952380952381,3.47936723728354,ES-B,1
G16142UJ,n_residues,3.0,3.0,3.0,0.0,ES-B,1
G16142UJ,radius_of_gyration,5.345,4.552534523809523,4.9415571428571425,0.10170784965369753,ES-B,1
G16142UJ,max_pair_distance,16.528,14.236396428571426,15.815919047619046,0.4415452598457944,ES-B,1
G16142UJ,compactness,0.3234,0.30969785714285714,0.3257541666666667,0.004011710525466164,ES-B,1
G16142UJ,branch_proxy,0.0,0.0,0.0,0.0,ES-B,1
G16142UJ,terminal_proxy,2.0,0.9976190476190476,1.8095238095238095,0.208871278265715,ES-B,1
G16142UJ,exposure_proxy,18.2,17.809761904761906,19.114725,0.34191031109570214,ES-B,1
G17480GI,n_atoms,98.0,98.44907407407408,115.37037037037037,4.311265031616532,ES-B,1
G17480GI,n_residues,5.0,5.0,5.0,0.0,ES-B,1
G17480GI,radius_of_gyration,5.142,5.446293518518519,6.009591666666667,0.14988398429730254,ES-B,1
G17480GI,max_pair_distance,15.71,17.39903055555556,20.112977777777775,0.6805818615682814,ES-B,1
G17480GI,compactness,0.3273,0.30440518518518517,0.31852990740740733,0.0037609597547822683,ES-B,1
G17480GI,branch_proxy,1.0,0.6296296296296297,1.2787037037037035,0.1727308300314309,ES-B,1
G17480GI,terminal_proxy,3.0,1.9064814814814814,2.5749999999999997,0.1637569043770019,ES-B,1
G17480GI,exposure_proxy,17.755,17.841828703703705,19.701470370370366,0.4409921149833674,ES-B,1
G18625KA,n_atoms,237.0,207.0,233.09999999999997,7.259442892613118,ES-B,1
G18625KA,n_residues,9.0,8.0,8.666666666666666,0.17070930456968855,ES-B,1
G18625KA,radius_of_gyration,8.76,7.627266666666667,9.101641666666666,0.4339177128180205,ES-B,1
G18625KA,max_pair_distance,28.629,24.988616666666665,29.009979166666664,1.012192722047865,ES-B,1
G18625KA,compactness,0.306,0.29982458333333334,0.3244666666666667,0.005971748338821907,ES-B,1
G18625KA,branch_proxy,3.0,1.9125,3.3333333333333335,0.4022022708372824,ES-B,1
G18625KA,terminal_proxy,3.0,2.1666666666666665,2.8333333333333335,0.18870170463812275,ES-B,1
G18625KA,exposure_proxy,18.295,18.150737499999998,19.318929166666667,0.33176177250735567,ES-B,1
G20044TD,n_atoms,48.0,83.8,102.26481481481481,4.649089929675619,ES-B,1
G20044TD,n_residues,4.0,4.0,4.0,0.0,ES-B,1
G20044TD,radius_of_gyration,3.999,4.9140092592592595,5.5486962962962965,0.17975484522508153,ES-B,1
G20044TD,max_pair_distance,12.575,15.550546296296297,18.159419444444442,0.680789955428404,ES-B,1
G20044TD,compactness,0.318,0.3068114814814815,0.324720462962963,0.004816721517052818,ES-B,1
G20044TD,branch_proxy,0.0,0.23981481481481481,0.5925925925925926,0.09389820247472012,ES-B,1
G20044TD,terminal_proxy,2.0,1.7583333333333333,2.2046296296296295,0.11778185411068355,ES-B,1
G20044TD,exposure_proxy,16.125,18.146024999999998,19.325223148148147,0.31556759127107975,ES-B,1
G21066IE,n_atoms,136.0,100.16851851851852,114.88055555555556,3.914912767266806,ES-B,1
G21066IE,n_residues,5.0,5.0,5.0,0.0,ES-B,1
G21066IE,radius_of_gyration,6.684,5.422802777777777,6.134054629629629,0.1901651733028722,ES-B,1
G21066IE,max_pair_distance,22.166,17.264343518518515,20.11556759259259,0.7138170675755383,ES-B,1
G21066IE,compactness,0.3015,0.30298574074074075,0.31719351851851857,0.0036265805946273824,ES-B,1
G21066IE,branch_proxy,1.0,0.6666666666666666,1.2787037037037035,0.15958235959044917,ES-B,1
G21066IE,terminal_proxy,1.0,1.8518518518518519,2.5925925925925926,0.16954065271140928,ES-B,1
G21066IE,exposure_proxy,22.309,17.675035185185184,19.41651759259259,0.4814821658092002,ES-B,1
G21808VY,n_atoms,154.0,132.68157894736842,149.18815789473683,3.948808824915948,ES-B,1
G21808VY,n_residues,6.0,6.0,6.0,0.0,ES-B,1
G21808VY,radius_of_gyration,6.321,6.2418407894736845,6.9327,0.18499666860517752,ES-B,1
G21808VY,max_pair_distance,20.627,20.05759473684211,22.425667105263155,0.6952315012632505,ES-B,1
G21808VY,compactness,0.3065,0.3010484210526316,0.3158105263157895,0.0040269435613109125,ES-B,1
G21808VY,branch_proxy,3.0,1.0526315789473684,1.9473684210526316,0.2365167355706275,ES-B,1
G21808VY,terminal_proxy,0.0,1.0526315789473684,2.055263157894736,0.2666608955977558,ES-B,1
G21808VY,exposure_proxy,24.896,19.074873684210523,22.264360526315787,0.8569671887065854,ES-B,1
G21856LC,n_atoms,93.0,100.19814814814815,116.11018518518519,4.069333875378182,ES-B,1
G21856LC,n_residues,5.0,5.0,5.0,0.0,ES-B,1
G21856LC,radius_of_gyration,5.823,5.483592592592593,6.096937962962963,0.1615488301179643,ES-B,1
G21856LC,max_pair_distance,18.369,17.24991851851852,20.053812037037037,0.6930716658113216,ES-B,1
G21856LC,compactness,0.317,0.301215,0.3186337962962963,0.004229042537414908,ES-B,1
G21856LC,branch_proxy,0.0,0.7583333333333333,1.2222222222222223,0.1264173417979916,ES-B,1
G21856LC,terminal_proxy,2.0,1.962962962962963,2.5379629629629625,0.16210675748729683,ES-B,1
G21856LC,exposure_proxy,16.602,17.970543518518518,19.70090277777778,0.47460015505076636,ES-B,1
G22418PV,n_atoms,168.0,133.53026315789475,150.27105263157895,4.701171982127454,ES-B,1
G22418PV,n_residues,6.0,6.0,6.0,0.0,ES-B,1
G22418PV,radius_of_gyration,7.985,6.224692105263157,6.947965789473684,0.20054721841602394,ES-B,1
G22418PV,max_pair_distance,27.842,20.277565789473684,22.447044736842102,0.5865396377600681,ES-B,1
G22418PV,compactness,0.2868,0.30207184210526317,0.3191506578947368,0.004534932731377206,ES-B,1
G22418PV,branch_proxy,1.0,0.9197368421052632,1.9473684210526316,0.2859106072643342,ES-B,1
G22418PV,terminal_proxy,1.0,1.05,2.1052631578947367,0.2943136058950698,ES-B,1
G22418PV,exposure_proxy,23.571,19.197023684210528,22.640144736842107,0.8526347647885579,ES-B,1
G25129BT,n_atoms,78.0,73.32380952380952,84.66547619047618,2.986760316498233,ES-B,1
G25129BT,n_residues,3.0,3.0,3.0,0.0,ES-B,1
G25129BT,radius_of_gyration,4.949,4.615392857142857,4.977851190476191,0.10055159752173179,ES-B,1
G25129BT,max_pair_distance,16.349,14.132589285714282,15.949322619047615,0.4778707684799036,ES-B,1
G25129BT,compactness,0.3027,0.31150773809523813,0.3273817857142858,0.004179714861869237,ES-B,1
G25129BT,branch_proxy,0.0,0.0,0.0,0.0,ES-B,1
G25129BT,terminal_proxy,2.0,1.0476190476190477,1.8095238095238095,0.2061965247105806,ES-B,1
G25129BT,exposure_proxy,19.564,17.805902380952382,19.069258333333334,0.34858430695829695,ES-B,1
G27798EJ,n_atoms,75.0,73.40357142857142,83.96428571428571,3.1373291932980485,ES-B,1
G27798EJ,n_residues,3.0,3.0,3.0,0.0,ES-B,1
G27798EJ,radius_of_gyration,3.88,4.600177380952381,4.9551452380952385,0.09293133505400977,ES-B,1
G27798EJ,max_pair_distance,11.381,14.148567857142858,15.767666666666663,0.43717382720748255,ES-B,1
G27798EJ,compactness,0.3409,0.3121833333333333,0.32738130952380945,0.004300979664545028,ES-B,1
G27798EJ,branch_proxy,0.0,0.0,0.0,0.0,ES-B,1
G27798EJ,terminal_proxy,0.0,1.0476190476190477,1.7642857142857133,0.17868250513613065,ES-B,1
G27798EJ,exposure_proxy,22.88,17.72437142857143,19.125853571428568,0.3802683807004527,ES-B,1
G28420BK,n_atoms,95.0,84.79351851851852,101.725,4.661104430607788,ES-B,1
G28420BK,n_residues,4.0,4.0,4.0,0.0,ES-B,1
G28420BK,radius_of_gyration,4.962,4.869537037037037,5.5104953703703705,0.17464745109330443,ES-B,1
G28420BK,max_pair_distance,15.911,15.392562037037036,18.67240462962963,0.8839780218809664,ES-B,1
G28420BK,compactness,0.3119,0.309688425925926,0.3261112962962963,0.004358854885426739,ES-B,1
G28420BK,branch_proxy,1.0,0.20277777777777778,0.5749999999999997,0.101750791613453,ES-B,1
G28420BK,terminal_proxy,1.0,1.7583333333333333,2.2240740740740734,0.11395075103987441,ES-B,1
G28420BK,exposure_proxy,21.789,17.992804629629628,19.266578703703708,0.34634210557991835,ES-B,1
G29406SZ,n_atoms,92.0,72.35595238095237,85.3,3.5484235265550708,ES-B,1
G29406SZ,n_residues,3.0,3.0,3.0,0.0,ES-B,1
G29406SZ,radius_of_gyration,5.16,4.563596428571429,4.949227380952381,0.09767651020836711,ES-B,1
G29406SZ,max_pair_distance,17.873,14.16547261904762,15.886299999999999,0.4440743500380064,ES-B,1
G29406SZ,compactness,0.2887,0.31253678571428567,0.3277208333333333,0.0037609147509844285,ES-B,1
G29406SZ,branch_proxy,0.0,0.0,0.0,0.0,ES-B,1
G29406SZ,terminal_proxy,0.0,0.9523809523809523,1.7142857142857142,0.1958550067613013,ES-B,1
G29406SZ,exposure_proxy,20.217,17.718815476190475,19.216946428571426,0.4067569702903915,ES-B,1
G30187JM,n_atoms,122.0,85.12777777777778,97.1787037037037,3.5710706820485303,ES-B,1
G30187JM,n_residues,4.0,4.0,4.0,0.0,ES-B,1
G30187JM,radius_of_gyration,7.231,4.946624074074074,5.651323148148148,0.1936038121783409,ES-B,1
G30187JM,max_pair_distance,23.209,15.61931759259259,18.357970370370367,0.7178340671082937,ES-B,1
G30187JM,compactness,0.3116,0.30819564814814815,0.3251806481481481,0.00475282669758576,ES-B,1
G30187JM,branch_proxy,0.0,0.25925925925925924,0.5944444444444439,0.09653744733520385,ES-B,1
G30187JM,terminal_proxy,2.0,1.7037037037037037,2.1675925925925923,0.12181525961879537,ES-B,1
G30187JM,exposure_proxy,18.23,17.917299074074073,19.331659259259258,0.38376928229300444,ES-B,1
G30207PZ,n_atoms,60.0,72.6452380952381,84.225,3.042345549063961,ES-B,1
G30207PZ,n_residues,3.0,3.0,3.0,0.0,ES-B,1
G30207PZ,radius_of_gyration,4.47,4.504445238095238,4.953832142857142,0.1075325914672587,ES-B,1
G30207PZ,max_pair_distance,15.435,14.19595238095238,15.876633333333332,0.4517072449186732,ES-B,1
G30207PZ,compactness,0.2896,0.3119490476190476,0.3279519047619047,0.0040778511689936086,ES-B,1
G30207PZ,branch_proxy,0.0,0.0,0.0,0.0,ES-B,1
G30207PZ,terminal_proxy,2.0,1.0476190476190477,1.8095238095238095,0.2058971850066212,ES-B,1
G30207PZ,exposure_proxy,16.2,17.730347619047617,19.07113095238095,0.3837616436978765,ES-B,1
G31736BK,n_atoms,57.0,43.08461538461538,56.27884615384615,3.6479615771878757,ES-B,1
G31736BK,n_residues,2.0,2.0,2.0,0.0,ES-B,1
G31736BK,radius_of_gyration,3.996,3.6418769230769232,4.215719230769231,0.16464312706560455,ES-B,1
G31736BK,max_pair_distance,11.534,10.43929423076923,13.745005769230769,0.8215531398324997,ES-B,1
G31736BK,compactness,0.3464,0.31039423076923073,0.3405069230769231,0.008395137863051743,ES-B,1
G31736BK,branch_proxy,0.0,0.0,0.0,0.0,ES-B,1
G31736BK,terminal_proxy,2.0,2.0,2.0,0.0,ES-B,1
G31736BK,exposure_proxy,16.386,16.02894423076923,17.36951153846154,0.379480469022097,ES-B,1
G32254QI,n_atoms,150.0,158.0,188.25227272727273,7.66620985583613,ES-B,1
G32254QI,n_residues,7.0,7.0,7.0,0.0,ES-B,1
G32254QI,radius_of_gyration,7.439,6.797959090909091,7.6022954545454535,0.22070207461381716,ES-B,1
G32254QI,max_pair_distance,24.923,21.809045454545455,25.889075,1.0406525999019294,ES-B,1
G32254QI,compactness,0.2985,0.2951277272727273,0.3118061363636363,0.0042836562846812545,ES-B,1
G32254QI,branch_proxy,0.0,1.4977272727272728,3.1818181818181817,0.45550716444366063,ES-B,1
G32254QI,terminal_proxy,2.0,1.225,2.4545454545454546,0.3434138288584775,ES-B,1
G32254QI,exposure_proxy,17.36,19.834293181818182,23.206293181818182,0.9360032085181109,ES-B,1
G32969VW,n_atoms,83.0,71.5952380952381,85.66904761904762,3.374457174789716,ES-B,1
G32969VW,n_residues,3.0,3.0,3.0,0.0,ES-B,1
G32969VW,radius_of_gyration,4.972,4.561361904761904,4.926094047619047,0.10055428072944421,ES-B,1
G32969VW,max_pair_distance,16.062,14.072684523809523,15.915059523809521,0.5008206749848593,ES-B,1
G32969VW,compactness,0.3096,0.3113347619047619,0.32601785714285714,0.003929276890194751,ES-B,1
G32969VW,branch_proxy,0.0,0.0,0.0,0.0,ES-B,1
G32969VW,terminal_proxy,0.0,0.9976190476190476,1.8595238095238087,0.21324828236582066,ES-B,1
G32969VW,exposure_proxy,18.0,17.70030357142857,19.201096428571425,0.40288474440624256,ES-B,1
G35778AN,n_atoms,71.0,84.85,99.66018518518518,4.179461490899212,ES-B,1
G35778AN,n_residues,4.0,4.0,4.0,0.0,ES-B,1
G35778AN,radius_of_gyration,4.315,4.914657407407407,5.636763888888889,0.18444029870396603,ES-B,1
G35778AN,max_pair_distance,12.564,15.566907407407408,18.142274074074074,0.6825324471855111,ES-B,1
G35778AN,compactness,0.3434,0.3074012037037037,0.32484685185185186,0.004479783615316137,ES-B,1
G35778AN,branch_proxy,0.0,0.25925925925925924,0.5925925925925926,0.10617362905247628,ES-B,1
G35778AN,terminal_proxy,2.0,1.7212962962962963,2.185185185185185,0.12266977541238777,ES-B,1
G35778AN,exposure_proxy,17.718,18.010128703703703,19.36643888888889,0.3703988873412303,ES-B,1
G36123IU,n_atoms,66.0,73.20357142857144,84.36547619047619,3.084585919501123,ES-B,1
G36123IU,n_residues,3.0,3.0,3.0,0.0,ES-B,1
G36123IU,radius_of_gyration,5.392,4.507127380952381,4.959705952380952,0.11294803742853132,ES-B,1
G36123IU,max_pair_distance,18.412,14.136345238095238,15.744195238095239,0.4678085218644749,ES-B,1
G36123IU,compactness,0.2928,0.3122240476190476,0.3274504761904761,0.003979058668691482,ES-B,1
G36123IU,branch_proxy,0.0,0.0,0.0,0.0,ES-B,1
G36123IU,terminal_proxy,2.0,1.0476190476190477,1.7142857142857142,0.18847520392436523,ES-B,1
G36123IU,exposure_proxy,15.606,17.79267976190476,18.97051785714286,0.34714087793413206,ES-B,1
G37184KW,n_atoms,176.0,130.09342105263158,148.76973684210526,5.040326545944289,ES-B,1
G37184KW,n_residues,6.0,6.0,6.0,0.0,ES-B,1
G37184KW,radius_of_gyration,6.743,6.218711842105263,6.890396052631578,0.17936824040869953,ES-B,1
G37184KW,max_pair_distance,22.225,20.167122368421055,22.579531578947364,0.5981328812374819,ES-B,1
G37184KW,compactness,0.3034,0.30059355263157894,0.3171896052631578,0.004218560748581641,ES-B,1
G37184KW,branch_proxy,3.0,1.0526315789473684,1.9749999999999996,0.2391119303494852,ES-B,1
G37184KW,terminal_proxy,3.0,1.105263157894737,2.0526315789473686,0.25517307146110063,ES-B,1
G37184KW,exposure_proxy,21.523,19.37657236842105,22.208715789473683,0.8671168122473433,ES-B,1
G39023AU,n_atoms,71.0,84.90648148148149,99.24907407407407,3.7861037335870074,ES-B,1
G39023AU,n_residues,4.0,4.0,4.0,0.0,ES-B,1
G39023AU,radius_of_gyration,4.183,4.895751851851853,5.599282407407408,0.18275763772825188,ES-B,1
G39023AU,max_pair_distance,11.707,15.2859,18.04943981481481,0.7041017354143096,ES-B,1
G39023AU,compactness,0.3573,0.30948444444444445,0.326030462962963,0.00433176441746893,ES-B,1
G39023AU,branch_proxy,1.0,0.27685185185185185,0.5555555555555556,0.07315260183347451,ES-B,1
G39023AU,terminal_proxy,3.0,1.738888888888889,2.2222222222222223,0.11713252082509902,ES-B,1
G39023AU,exposure_proxy,17.944,17.946119444444445,19.441082407407407,0.36448183628472,ES-B,1
G40183QN,n_atoms,201.0,171.82941176470587,204.1235294117647,8.669578738423807,ES-B,1
G40183QN,n_residues,8.0,7.176470588235294,7.705882352941177,0.13961885834491106,ES-B,1
G40183QN,radius_of_gyration,7.805,7.13692794117647,8.143245588235294,0.2558341204603004,ES-B,1
G40183QN,max_pair_distance,23.643,23.24662794117647,26.289797058823527,0.8502750959102938,ES-B,1
G40183QN,compactness,0.3301,0.29743323529411764,0.3142332352941177,0.0044367817176846356,ES-B,1
G40183QN,branch_proxy,4.0,1.8514705882352942,3.0588235294117645,0.3281883795272883,ES-B,1
G40183QN,terminal_proxy,2.0,1.7058823529411764,2.5294117647058822,0.2308671782199426,ES-B,1
G40183QN,exposure_proxy,17.96,18.834604411764705,22.473751470588237,0.7975800313291991,ES-B,1
G40696TO,n_atoms,71.0,83.62407407407407,101.41111111111111,4.172359419749456,ES-B,1
G40696TO,n_residues,4.0,4.0,4.0,0.0,ES-B,1
G40696TO,radius_of_gyration,4.312,4.905878703703704,5.660554629629629,0.18691250668282786,ES-B,1
G40696TO,max_pair_distance,12.391,15.45449537037037,18.349048148148146,0.7437915444342449,ES-B,1
G40696TO,compactness,0.348,0.30883740740740734,0.32391314814814814,0.004073746737018177,ES-B,1
G40696TO,branch_proxy,0.0,0.2222222222222222,0.6120370370370367,0.09986547879320129,ES-B,1
G40696TO,terminal_proxy,2.0,1.7777777777777777,2.2222222222222223,0.1313739779600512,ES-B,1
G40696TO,exposure_proxy,17.38,18.172100925925925,19.242205555555557,0.29077910770675774,ES-B,1
G44345UH,n_atoms,61.0,44.03653846153846,58.31538461538461,3.904051605052275,ES-B,1
G44345UH,n_residues,2.0,2.0,2.0,0.0,ES-B,1
G44345UH,radius_of_gyration,4.637,3.479573076923077,4.2703711538461535,0.18946141771288197,ES-B,1
G44345UH,max_pair_distance,15.372,10.808742307692308,13.425661538461538,0.6891736354770736,ES-B,1
G44345UH,compactness,0.3017,0.3106930769230769,0.3434546153846153,0.009026525283424828,ES-B,1
G44345UH,branch_proxy,0.0,0.0,0.0,0.0,ES-B,1
G44345UH,terminal_proxy,2.0,2.0,2.0,0.0,ES-B,1
G44345UH,exposure_proxy,17.016,15.866151923076922,17.35213076923077,0.41555289010634944,ES-B,1
G45058HZ,n_atoms,87.0,86.42314814814814,100.47407407407407,3.823678017334476,ES-B,1
G45058HZ,n_residues,4.0,4.0,4.0,0.0,ES-B,1
G45058HZ,radius_of_gyration,4.635,4.927399074074073,5.5385,0.16843034254140363,ES-B,1
G45058HZ,max_pair_distance,13.588,15.354767592592594,18.294254629629627,0.7808789569675344,ES-B,1
G45058HZ,compactness,0.3411,0.3072942592592593,0.3267093518518519,0.004617378478203189,ES-B,1
G45058HZ,branch_proxy,1.0,0.25925925925925924,0.5925925925925926,0.09178238113586099,ES-B,1
G45058HZ,terminal_proxy,3.0,1.7407407407407407,2.185185185185185,0.12513038467424403,ES-B,1
G45058HZ,exposure_proxy,17.655,17.906512037037036,19.311042592592592,0.33422261508608253,ES-B,1
G45770AV,n_atoms,135.0,83.26574074074074,99.63148148148149,4.5746988777047966,ES-B,1
G45770AV,n_residues,4.0,4.0,4.0,0.0,ES-B,1
G45770AV,radius_of_gyration,6.221,4.8859361111111115,5.6276166666666665,0.18377766785902924,ES-B,1
G45770AV,max_pair_distance,19.583,15.662514814814815,18.259118518518516,0.7585505389487038,ES-B,1
G45770AV,compactness,0.3177,0.307985,0.32417083333333335,0.004299343901679754,ES-B,1
G45770AV,branch_proxy,0.0,0.2222222222222222,0.5555555555555556,0.0876542340462097,ES-B,1
G45770AV,terminal_proxy,2.0,1.7212962962962963,2.1870370370370367,0.12571387374560616,ES-B,1
G45770AV,exposure_proxy,20.059,17.9655287037037,19.394046296296295,0.36245616950022963,ES-B,1
G45827GY,n_atoms,99.0,84.55648148148148,101.75277777777777,4.4922899198827135,ES-B,1
G45827GY,n_residues,4.0,4.0,4.0,0.0,ES-B,1
G45827GY,radius_of_gyration,5.274,4.847801851851852,5.598670370370371,0.2064072270589559,ES-B,1
G45827GY,max_pair_distance,16.953,15.548010185185184,18.30000092592592,0.7565896885064725,ES-B,1
G45827GY,compactness,0.3111,0.3092136111111111,0.32714851851851856,0.004938028418009014,ES-B,1
G45827GY,branch_proxy,1.0,0.23981481481481481,0.6296296296296297,0.10485079869167702,ES-B,1
G45827GY,terminal_proxy,1.0,1.7037037037037037,2.2046296296296295,0.13255482598911336,ES-B,1
G45827GY,exposure_proxy,20.97,18.134864814814815,19.50650740740741,0.362849909703368,ES-B,1
G46677TE,n_atoms,165.0,158.225,188.8272727272727,7.8893974253764885,ES-B,1
G46677TE,n_residues,7.0,7.0,7.0,0.0,ES-B,1
G46677TE,radius_of_gyration,7.577,6.736186363636365,7.5291181818181805,0.21496603303470432,ES-B,1
G46677TE,max_pair_distance,22.921,21.75124772727273,25.68097727272727,1.0576968629964643,ES-B,1
G46677TE,compactness,0.3306,0.2944575,0.31018931818181816,0.004494302923546104,ES-B,1
G46677TE,branch_proxy,2.0,1.5454545454545454,3.1818181818181817,0.4578236334428826,ES-B,1
G46677TE,terminal_proxy,2.0,1.315909090909091,2.5454545454545454,0.3153589061203464,ES-B,1
G46677TE,exposure_proxy,17.939,19.260086363636365,24.300029545454542,1.2227950868964172,ES-B,1
G46776WR,n_atoms,87.0,83.67685185185185,99.66666666666667,4.2401839356278055,ES-B,1
G46776WR,n_residues,4.0,4.0,4.0,0.0,ES-B,1
G46776WR,radius_of_gyration,5.393,4.924767592592593,5.594453703703703,0.17440484621732216,ES-B,1
G46776WR,max_pair_distance,18.092,15.631828703703704,18.13745462962963,0.6922547663986474,ES-B,1
G46776WR,compactness,0.2981,0.3080425925925926,0.32774740740740743,0.0051852449386768735,ES-B,1
G46776WR,branch_proxy,0.0,0.18518518518518517,0.5925925925925926,0.10578532497196325,ES-B,1
G46776WR,terminal_proxy,2.0,1.7037037037037037,2.2435185185185174,0.13519076599337898,ES-B,1
G46776WR,exposure_proxy,17.08,17.869364814814812,19.550324074074073,0.39502221037798213,ES-B,1
G47325QT,n_atoms,24.0,42.151923076923076,56.54230769230769,3.6787651484909274,ES-B,1
G47325QT,n_residues,2.0,2.0,2.0,0.0,ES-B,1
G47325QT,radius_of_gyration,2.597,3.5582846153846153,4.247107692307692,0.1791599947073852,ES-B,1
G47325QT,max_pair_distance,6.59,10.693453846153847,13.828784615384615,0.8338761071326756,ES-B,1
G47325QT,compactness,0.3941,0.30976250000000005,0.33916826923076926,0.007937858234379869,ES-B,1
G47325QT,branch_proxy,0.0,0.0,0.0,0.0,ES-B,1
G47325QT,terminal_proxy,2.0,2.0,2.0,0.0,ES-B,1
G47325QT,exposure_proxy,14.5,16.015140384615382,17.300688461538464,0.3618580697900621,ES-B,1
G47379VH,n_atoms,169.0,161.04545454545456,185.7409090909091,7.056358951533897,ES-B,1
G47379VH,n_residues,7.0,7.0,7.0,0.0,ES-B,1
G47379VH,radius_of_gyration,7.422,6.557675000000001,7.585304545454544,0.2732864804181479,ES-B,1
G47379VH,max_pair_distance,23.993,21.923890909090908,25.69354090909091,1.0583904080928621,ES-B,1
G47379VH,compactness,0.3093,0.29311795454545453,0.31152363636363634,0.0046001524444736295,ES-B,1
G47379VH,branch_proxy,3.0,1.4977272727272728,3.3636363636363638,0.49491296505063054,ES-B,1
G47379VH,terminal_proxy,2.0,1.0909090909090908,2.4113636363636357,0.32888994366097957,ES-B,1
G47379VH,exposure_proxy,22.817,19.620229545454546,23.86790227272727,1.0431700451242971,ES-B,1
G48059CD,n_atoms,99.0,84.38055555555556,101.83888888888887,4.746450424514419,ES-B,1
G48059CD,n_residues,4.0,4.0,4.0,0.0,ES-B,1
G48059CD,radius_of_gyration,5.43,4.913219444444445,5.6964296296296295,0.19586631732699042,ES-B,1
G48059CD,max_pair_distance,16.842,15.372252777777778,18.555254629629626,0.8201640697719302,ES-B,1
G48059CD,compactness,0.3224,0.30739,0.3261239814814815,0.004684986466873462,ES-B,1
G48059CD,branch_proxy,1.0,0.23981481481481481,0.5555555555555556,0.0878800779089235,ES-B,1
G48059CD,terminal_proxy,1.0,1.7583333333333333,2.2222222222222223,0.11905607259815258,ES-B,1
G48059CD,exposure_proxy,20.485,17.88690462962963,19.470339814814814,0.4029271207105763,ES-B,1
G48117BL,n_atoms,81.0,72.56428571428572,85.44285714285714,3.256323866681039,ES-B,1
G48117BL,n_residues,3.0,3.0,3.0,0.0,ES-B,1
G48117BL,radius_of_gyration,4.256,4.564645238095238,4.94875,0.10483470931145482,ES-B,1
G48117BL,max_pair_distance,12.253,14.202084523809525,15.962554761904762,0.44522747225702614,ES-B,1
G48117BL,compactness,0.3473,0.31191571428571424,0.3252496428571428,0.003491299089317,ES-B,1
G48117BL,branch_proxy,0.0,0.0,0.0,0.0,ES-B,1
G48117BL,terminal_proxy,0.0,1.092857142857143,1.8095238095238095,0.19602397002763927,ES-B,1
G48117BL,exposure_proxy,20.222,17.73431904761905,19.103766666666665,0.356228477795525,ES-B,1
G48236KP,n_atoms,89.0,73.63214285714287,84.57380952380952,2.9776668338218477,ES-B,1
G48236KP,n_residues,3.0,3.0,3.0,0.0,ES-B,1
G48236KP,radius_of_gyration,5.018,4.534242857142858,4.96152738095238,0.10609420791155813,ES-B,1
G48236KP,max_pair_distance,16.992,14.15677976190476,15.988392857142854,0.4589535118060358,ES-B,1
G48236KP,compactness,0.2953,0.3123052380952381,0.3266630952380952,0.0038460609751983,ES-B,1
G48236KP,branch_proxy,0.0,0.0,0.0,0.0,ES-B,1
G48236KP,terminal_proxy,2.0,0.9976190476190476,1.7142857142857142,0.1861874314694421,ES-B,1
G48236KP,exposure_proxy,17.843,17.730883333333335,19.275309523809522,0.35937385548274836,ES-B,1
G48558GR,n_atoms,129.0,133.37368421052633,151.29736842105262,4.775222609421376,ES-B,1
G48558GR,n_residues,6.0,6.0,6.0,0.0,ES-B,1
G48558GR,radius_of_gyration,6.224,6.2683447368421055,6.915740789473684,0.1494625179103805,ES-B,1
G48558GR,max_pair_distance,19.386,20.182894736842105,22.369565789473686,0.5769839305911283,ES-B,1
G48558GR,compactness,0.3211,0.30118078947368426,0.3184382894736842,0.004459882465874888,ES-B,1
G48558GR,branch_proxy,1.0,1.025,1.922368421052631,0.2324689834254188,ES-B,1
G48558GR,terminal_proxy,3.0,1.0526315789473684,2.0802631578947364,0.2584692848118239,ES-B,1
G48558GR,exposure_proxy,18.202,19.011709210526316,22.51256447368421,0.8476956366812779,ES-B,1
G49108TO,n_atoms,30.0,41.04615384615384,56.08076923076923,3.8596685635062427,ES-B,1
G49108TO,n_residues,2.0,2.0,2.0,0.0,ES-B,1
G49108TO,radius_of_gyration,3.15,3.570359615384616,4.232128846153846,0.17794419788004207,ES-B,1
G49108TO,max_pair_distance,9.648,10.716103846153844,13.571032692307691,0.7652530862830155,ES-B,1
G49108TO,compactness,0.3265,0.3082984615384615,0.3428909615384615,0.008628675578708677,ES-B,1
G49108TO,branch_proxy,0.0,0.0,0.0,0.0,ES-B,1
G49108TO,terminal_proxy,2.0,2.0,2.0,0.0,ES-B,1
G49108TO,exposure_proxy,14.8,15.881153846153845,17.380344230769232,0.38936765624178266,ES-B,1
G53517XC,n_atoms,62.0,44.48653846153846,56.44807692307691,3.345534867595293,ES-B,1
G53517XC,n_residues,2.0,2.0,2.0,0.0,ES-B,1
G53517XC,radius_of_gyration,4.397,3.5715884615384614,4.142601923076922,0.145484573646936,ES-B,1
G53517XC,max_pair_distance,15.707,10.72465576923077,13.709365384615385,0.7642416217323977,ES-B,1
G53517XC,compactness,0.2799,0.3092938461538462,0.34022749999999996,0.008002970603795009,ES-B,1
G53517XC,branch_proxy,0.0,0.0,0.0,0.0,ES-B,1
G53517XC,terminal_proxy,2.0,2.0,2.0,0.0,ES-B,1
G53517XC,exposure_proxy,17.0,15.914226923076924,17.270707692307692,0.38837276670074683,ES-B,1
G54733XO,n_atoms,237.0,206.33333333333334,233.7,7.253318014689706,ES-B,1
G54733XO,n_residues,9.0,8.0,8.833333333333334,0.19790570145063208,ES-B,1
G54733XO,radius_of_gyration,8.414,7.626,9.290579166666666,0.4334623608259173,ES-B,1
G54733XO,max_pair_distance,25.587,25.19087916666667,28.967891666666663,1.0458982667757146,ES-B,1
G54733XO,compactness,0.3288,0.30328333333333335,0.3257237499999999,0.006131272751685042,ES-B,1
G54733XO,branch_proxy,3.0,1.8333333333333333,3.1666666666666665,0.374299345444258,ES-B,1
G54733XO,terminal_proxy,3.0,2.1666666666666665,3.0,0.1922382780706162,ES-B,1
G54733XO,exposure_proxy,18.278,18.091458333333335,19.264583333333334,0.33961681717946635,ES-B,1
G54826OZ,n_atoms,118.0,132.76184210526316,150.92763157894734,4.829272353900123,ES-B,1
G54826OZ,n_residues,6.0,6.0,6.0,0.0,ES-B,1
G54826OZ,radius_of_gyration,5.295,6.157678947368421,6.875271052631578,0.1966275985734852,ES-B,1
G54826OZ,max_pair_distance,17.12,20.26342894736842,22.462093421052632,0.6072542141015116,ES-B,1
G54826OZ,compactness,0.3093,0.30189131578947365,0.3174176315789473,0.00413087805620493,ES-B,1
G54826OZ,branch_proxy,2.0,1.0776315789473685,1.9749999999999996,0.2479813235751944,ES-B,1
G54826OZ,terminal_proxy,2.0,1.05,2.0526315789473686,0.24319890289882298,ES-B,1
G54826OZ,exposure_proxy,18.712,19.152530263157896,22.458309210526313,0.8249214028234982,ES-B,1
G54937EM,n_atoms,233.0,176.1764705882353,202.14411764705883,7.309532359993989,ES-B,1
G54937EM,n_residues,8.0,7.176470588235294,7.8544117647058815,0.17183217852851276,ES-B,1
G54937EM,radius_of_gyration,10.299,7.091976470588235,8.09432794117647,0.2659374002587853,ES-B,1
G54937EM,max_pair_distance,32.011,23.11869411764706,26.26959117647059,0.850182555457242,ES-B,1
G54937EM,compactness,0.3217,0.29944426470588237,0.31491132352941176,0.004037047831494153,ES-B,1
G54937EM,branch_proxy,1.0,1.7308823529411765,3.1176470588235294,0.3640653768431118,ES-B,1
G54937EM,terminal_proxy,3.0,1.7058823529411764,2.5294117647058822,0.21408128327285145,ES-B,1
G54937EM,exposure_proxy,20.283,19.253607352941174,22.323541176470588,0.8597935601874398,ES-B,1
G55205ZV,n_atoms,72.0,72.45119047619048,83.75119047619047,3.289279328880623,ES-B,1
G55205ZV,n_residues,3.0,3.0,3.0,0.0,ES-B,1
G55205ZV,radius_of_gyration,4.589,4.576129761904761,4.947792857142857,0.10082399124542522,ES-B,1
G55205ZV,max_pair_distance,13.544,14.032509523809521,15.75642023809524,0.45589434700643794,ES-B,1
G55205ZV,compactness,0.3389,0.31183666666666665,0.3277748809523809,0.0041827968639944904,ES-B,1
G55205ZV,branch_proxy,0.0,0.0,0.0,0.0,ES-B,1
G55205ZV,terminal_proxy,2.0,1.0476190476190477,1.7142857142857142,0.18250959034224312,ES-B,1
G55205ZV,exposure_proxy,17.75,17.830575,19.025484523809524,0.33383863267688757,ES-B,1
G56045WU,n_atoms,159.0,132.57368421052632,150.88552631578946,4.835685103014098,ES-B,1
G56045WU,n_residues,6.0,6.0,6.0,0.0,ES-B,1
G56045WU,radius_of_gyration,7.626,6.235886842105264,6.868768421052631,0.1669409039831602,ES-B,1
G56045WU,max_pair_distance,22.913,19.99561447368421,22.19487236842105,0.6099212292674193,ES-B,1
G56045WU,compactness,0.3328,0.30216302631578945,0.31784828947368415,0.004259420017936319,ES-B,1
G56045WU,branch_proxy,1.0,0.9723684210526315,2.0276315789473682,0.28045224656593165,ES-B,1
G56045WU,terminal_proxy,3.0,1.105263157894737,2.1605263157894727,0.275388921657617,ES-B,1
G56045WU,exposure_proxy,20.302,19.42682368421053,22.19636578947368,0.7871321708911411,ES-B,1
G56478LD,n_atoms,116.0,84.53148148148148,101.44907407407406,4.391577844815937,ES-B,1
G56478LD,n_residues,4.0,4.0,4.0,0.0,ES-B,1
G56478LD,radius_of_gyration,5.444,4.95037962962963,5.48747037037037,0.1598554288190053,ES-B,1
G56478LD,max_pair_distance,18.162,15.177700925925926,18.29194351851852,0.811634358057593,ES-B,1
G56478LD,compactness,0.2997,0.30860925925925925,0.32547379629629625,0.0045770170306096885,ES-B,1
G56478LD,branch_proxy,1.0,0.23981481481481481,0.5925925925925926,0.08966558813431856,ES-B,1
G56478LD,terminal_proxy,1.0,1.7212962962962963,2.185185185185185,0.12680034098780166,ES-B,1
G56478LD,exposure_proxy,20.879,18.071039814814814,19.345177777777778,0.3425405799956532,ES-B,1
G56516VH,n_atoms,82.0,72.14047619047619,84.85119047619047,3.6531827207148706,ES-B,1
G56516VH,n_residues,3.0,3.0,3.0,0.0,ES-B,1
G56516VH,radius_of_gyration,4.847,4.572311904761906,4.937395238095238,0.10433630399369984,ES-B,1
G56516VH,max_pair_distance,15.435,14.169784523809524,15.837145238095236,0.43582713018152913,ES-B,1
G56516VH,compactness,0.314,0.31068083333333335,0.32799964285714284,0.004567172335080201,ES-B,1
G56516VH,branch_proxy,0.0,0.0,0.0,0.0,ES-B,1
G56516VH,terminal_proxy,0.0,1.0476190476190477,1.8095238095238095,0.21069800851847362,ES-B,1
G56516VH,exposure_proxy,18.146,17.64022857142857,19.057869047619047,0.35755511965420045,ES-B,1
G57321FI,n_atoms,30.0,42.728846153846156,57.77692307692307,3.6744384105786962,ES-B,1
G57321FI,n_residues,2.0,2.0,2.0,0.0,ES-B,1
G57321FI,radius_of_gyration,3.244,3.552805769230769,4.177526923076923,0.18128205307275227,ES-B,1
G57321FI,max_pair_distance,10.462,10.645459615384615,13.494907692307692,0.7542859358207091,ES-B,1
G57321FI,compactness,0.3101,0.30965384615384617,0.33764076923076924,0.008259437353145336,ES-B,1
G57321FI,branch_proxy,0.0,0.0,0.0,0.0,ES-B,1
G57321FI,terminal_proxy,2.0,2.0,2.0,0.0,ES-B,1
G57321FI,exposure_proxy,14.2,15.944926923076922,17.478148076923077,0.3620116001435059,ES-B,1
G57548NB,n_atoms,65.0,83.59074074074074,101.31759259259259,4.635094182383034,ES-B,1
G57548NB,n_residues,4.0,4.0,4.0,0.0,ES-B,1
G57548NB,radius_of_gyration,4.07,4.937950925925926,5.601955555555556,0.19892472515825338,ES-B,1
G57548NB,max_pair_distance,11.32,15.29888888888889,18.32613333333333,0.7810059387123623,ES-B,1
G57548NB,compactness,0.3595,0.30934509259259263,0.32527694444444444,0.004370922477838086,ES-B,1
G57548NB,branch_proxy,1.0,0.23981481481481481,0.5555555555555556,0.08442819856721981,ES-B,1
G57548NB,terminal_proxy,3.0,1.7037037037037037,2.1481481481481484,0.11472158700090185,ES-B,1
G57548NB,exposure_proxy,17.508,18.045650925925926,19.375260185185184,0.37599128776352564,ES-B,1
G57709BH,n_atoms,53.0,41.45384615384615,57.275,3.9662693186031013,ES-B,1
G57709BH,n_residues,2.0,2.0,2.0,0.0,ES-B,1
G57709BH,radius_of_gyration,3.76,3.535523076923077,4.352932692307692,0.19764754867600343,ES-B,1
G57709BH,max_pair_distance,11.188,10.741186538461537,13.417180769230766,0.7002142761068963,ES-B,1
G57709BH,compactness,0.3361,0.30822403846153845,0.34422192307692306,0.009146492406233006,ES-B,1
G57709BH,branch_proxy,0.0,0.0,0.0,0.0,ES-B,1
G57709BH,terminal_proxy,2.0,2.0,2.0,0.0,ES-B,1
G57709BH,exposure_proxy,19.019,15.987263461538463,17.406071153846153,0.3844954270655498,ES-B,1
G57920AK,n_atoms,113.0,131.74605263157895,151.39605263157895,4.934980683754544,ES-B,1
G57920AK,n_residues,6.0,6.0,6.0,0.0,ES-B,1
G57920AK,radius_of_gyration,5.896,6.2319171052631575,6.895492105263158,0.18330814984685498,ES-B,1
G57920AK,max_pair_distance,18.958,20.101442105263157,22.532290789473684,0.6684321588955054,ES-B,1
G57920AK,compactness,0.311,0.30146736842105265,0.31775618421052626,0.004449069621686642,ES-B,1
G57920AK,branch_proxy,0.0,0.9973684210526316,2.0802631578947364,0.2778528676592739,ES-B,1
G57920AK,terminal_proxy,2.0,1.1026315789473684,2.0802631578947364,0.2661409869425375,ES-B,1
G57920AK,exposure_proxy,17.345,19.42539078947369,22.613644736842108,0.8310346476669865,ES-B,1
G58896AZ,n_atoms,93.0,100.11203703703703,114.85833333333332,3.8080882803797995,ES-B,1
G58896AZ,n_residues,5.0,5.0,5.0,0.0,ES-B,1
G58896AZ,radius_of_gyration,6.525,5.436375925925925,6.103000925925926,0.17799785395471163,ES-B,1
G58896AZ,max_pair_distance,20.914,17.440129629629627,20.031119444444446,0.691095955569902,ES-B,1
G58896AZ,compactness,0.312,0.3012299074074074,0.31586787037037034,0.0038834275604527476,ES-B,1
G58896AZ,branch_proxy,0.0,0.7407407407407407,1.3333333333333333,0.14776385342363277,ES-B,1
G58896AZ,terminal_proxy,2.0,1.9435185185185184,2.5925925925925926,0.16918427709427433,ES-B,1
G58896AZ,exposure_proxy,16.495,17.869046296296297,19.245220370370372,0.38814344298021086,ES-B,1
G59126YU,n_atoms,108.0,100.1,115.0648148148148,4.153175260716517,ES-B,1
G59126YU,n_residues,5.0,5.0,5.0,0.0,ES-B,1
G59126YU,radius_of_gyration,6.695,5.445221296296296,6.057614814814815,0.1708047009935075,ES-B,1
G59126YU,max_pair_distance,22.205,17.376067592592594,20.21090925925926,0.7494714696369209,ES-B,1
G59126YU,compactness,0.3015,0.3040781481481481,0.3195885185185185,0.004036679763157849,ES-B,1
G59126YU,branch_proxy,0.0,0.6666666666666666,1.2592592592592593,0.16061054635188599,ES-B,1
G59126YU,terminal_proxy,2.0,1.9259259259259258,2.5379629629629625,0.16619521798207595,ES-B,1
G59126YU,exposure_proxy,17.241,17.962314814814814,19.39140277777778,0.41508798845704664,ES-B,1
G60859DF,n_atoms,51.0,42.99230769230769,57.85384615384615,3.8181010801166804,ES-B,1
G60859DF,n_residues,2.0,2.0,2.0,0.0,ES-B,1
G60859DF,radius_of_gyration,3.741,3.5168384615384616,4.288236538461538,0.18524005286600093,ES-B,1
G60859DF,max_pair_distance,12.189,10.968453846153848,13.556028846153845,0.693431708159545,ES-B,1
G60859DF,compactness,0.3069,0.3054880769230769,0.3411144230769231,0.008708148467258162,ES-B,1
G60859DF,branch_proxy,0.0,0.0,0.0,0.0,ES-B,1
G60859DF,terminal_proxy,2.0,2.0,2.0,0.0,ES-B,1
G60859DF,exposure_proxy,18.51,15.92720576923077,17.476640384615386,0.3855399586992847,ES-B,1
G61149BD,n_atoms,81.0,71.42142857142858,86.0345238095238,3.8905120648809364,ES-B,1
G61149BD,n_residues,3.0,3.0,3.0,0.0,ES-B,1
G61149BD,radius_of_gyration,4.281,4.513359523809524,4.943121428571428,0.11405571501138097,ES-B,1
G61149BD,max_pair_distance,13.231,14.136857142857146,15.815989285714286,0.4529887354498391,ES-B,1
G61149BD,compactness,0.3236,0.3112607142857142,0.32650023809523804,0.0037256888133319517,ES-B,1
G61149BD,branch_proxy,0.0,0.0,0.0,0.0,ES-B,1
G61149BD,terminal_proxy,0.0,0.9523809523809523,1.7142857142857142,0.20876703156721788,ES-B,1
G61149BD,exposure_proxy,20.593,17.765797619047618,19.147660714285713,0.3563187812266923,ES-B,1
G61424BA,n_atoms,99.0,72.89761904761905,85.28690476190475,3.541073891969783,ES-B,1
G61424BA,n_residues,3.0,3.0,3.0,0.0,ES-B,1
G61424BA,radius_of_gyration,5.182,4.503261904761905,4.949509523809524,0.11920199839575642,ES-B,1
G61424BA,max_pair_distance,16.351,14.010758333333332,15.834385714285713,0.47177118205007534,ES-B,1
G61424BA,compactness,0.3169,0.3118920238095238,0.32657190476190473,0.003921340837773017,ES-B,1
G61424BA,branch_proxy,0.0,0.0,0.0,0.0,ES-B,1
G61424BA,terminal_proxy,2.0,1.092857142857143,1.7642857142857133,0.18359968283582345,ES-B,1
G61424BA,exposure_proxy,18.747,17.832480952380955,19.059144047619046,0.3341980064191851,ES-B,1
G61459JW,n_atoms,71.0,84.125,99.44166666666666,4.325665564843771,ES-B,1
G61459JW,n_residues,4.0,4.0,4.0,0.0,ES-B,1
G61459JW,radius_of_gyration,4.622,4.955171296296296,5.624967592592593,0.1837243334813566,ES-B,1
G61459JW,max_pair_distance,14.748,15.431969444444443,18.437862962962964,0.7166445621630819,ES-B,1
G61459JW,compactness,0.3134,0.3094874074074074,0.324905,0.004242873864126318,ES-B,1
G61459JW,branch_proxy,0.0,0.25925925925925924,0.5925925925925926,0.09614232705085965,ES-B,1
G61459JW,terminal_proxy,2.0,1.7407407407407407,2.1675925925925923,0.10942172478349692,ES-B,1
G61459JW,exposure_proxy,16.423,18.054889814814814,19.3544537037037,0.34165680371190293,ES-B,1
G61730RY,n_atoms,78.0,83.00833333333334,99.76388888888889,4.615552687576752,ES-B,1
G61730RY,n_residues,4.0,4.0,4.0,0.0,ES-B,1
G61730RY,radius_of_gyration,5.916,4.965196296296296,5.6534148148148144,0.18231741146543512,ES-B,1
G61730RY,max_pair_distance,20.26,15.441964814814813,18.12433148148148,0.7241961996184721,ES-B,1
G61730RY,compactness,0.292,0.3092344444444444,0.32444768518518513,0.003994481854080568,ES-B,1
G61730RY,branch_proxy,0.0,0.2222222222222222,0.6120370370370367,0.09979402655783318,ES-B,1
G61730RY,terminal_proxy,2.0,1.7212962962962963,2.2046296296296295,0.13340738684269898,ES-B,1
G61730RY,exposure_proxy,16.154,18.050674074074074,19.434582407407408,0.36665831851682495,ES-B,1
G62554JH,n_atoms,108.0,83.16851851851851,100.00648148148147,4.58646993309538,ES-B,1
G62554JH,n_residues,4.0,4.0,4.0,0.0,ES-B,1
G62554JH,radius_of_gyration,4.923,4.93702037037037,5.597113888888889,0.1676771007708211,ES-B,1
G62554JH,max_pair_distance,16.124,15.538152777777777,18.465783333333327,0.760884712909678,ES-B,1
G62554JH,compactness,0.3053,0.30654027777777776,0.32536250000000005,0.004486357677740385,ES-B,1
G62554JH,branch_proxy,1.0,0.2222222222222222,0.5749999999999997,0.09591019462027363,ES-B,1
G62554JH,terminal_proxy,1.0,1.7777777777777777,2.2222222222222223,0.11419125775229363,ES-B,1
G62554JH,exposure_proxy,22.407,18.075533333333333,19.37376574074074,0.3479201258040504,ES-B,1
G64227KZ,n_atoms,287.0,287.0,287.0,0.0,ES-B,1
G64227KZ,n_residues,11.0,11.0,11.0,0.0,ES-B,1
G64227KZ,radius_of_gyration,12.882,12.882,12.882,0.0,ES-B,1
G64227KZ,max_pair_distance,45.783,45.783,45.783,0.0,ES-B,1
G64227KZ,compactness,0.2814,0.2814,0.2814,0.0,ES-B,1
G64227KZ,branch_proxy,2.0,2.0,2.0,0.0,ES-B,1
G64227KZ,terminal_proxy,2.0,2.0,2.0,0.0,ES-B,1
G64227KZ,exposure_proxy,23.819,23.819,23.819,0.0,ES-B,1
G66163TI,n_atoms,98.0,100.06851851851852,114.55462962962963,3.472656269167164,ES-B,1
G66163TI,n_residues,5.0,5.0,5.0,0.0,ES-B,1
G66163TI,radius_of_gyration,5.127,5.464799999999999,6.083503703703703,0.16193362417910784,ES-B,1
G66163TI,max_pair_distance,16.088,17.457750925925925,19.928805555555552,0.623924682776957,ES-B,1
G66163TI,compactness,0.3187,0.3031349074074074,0.31685314814814813,0.003767831208412763,ES-B,1
G66163TI,branch_proxy,1.0,0.7037037037037037,1.3157407407407404,0.16521341728512492,ES-B,1
G66163TI,terminal_proxy,3.0,2.0,2.5185185185185186,0.14390402227486954,ES-B,1
G66163TI,exposure_proxy,17.735,18.024778703703703,19.53239074074074,0.4439480212471646,ES-B,1
G68110IF,n_atoms,201.0,176.43382352941177,202.24705882352941,7.874633160017314,ES-B,1
G68110IF,n_residues,8.0,7.176470588235294,7.8544117647058815,0.20012452870555217,ES-B,1
G68110IF,radius_of_gyration,7.997,7.0952455882352945,8.082538235294118,0.2644556826256724,ES-B,1
G68110IF,max_pair_distance,26.513,23.24467794117647,26.427599999999998,0.8795350351791639,ES-B,1
G68110IF,compactness,0.3016,0.29934676470588234,0.31617455882352935,0.004290051455559656,ES-B,1
G68110IF,branch_proxy,2.0,1.761764705882353,3.061764705882352,0.3505462864757488,ES-B,1
G68110IF,terminal_proxy,2.0,1.6749999999999998,2.619117647058823,0.23521395693353783,ES-B,1
G68110IF,exposure_proxy,18.06,19.212155882352942,21.6589,0.6372649974680267,ES-B,1
G69030AU,n_atoms,151.0,134.2671052631579,149.3986842105263,3.891347422749984,ES-B,1
G69030AU,n_residues,6.0,6.0,6.0,0.0,ES-B,1
G69030AU,radius_of_gyration,5.559,6.265217105263158,6.909186842105263,0.18730465083044437,ES-B,1
G69030AU,max_pair_distance,18.085,20.19705,22.168052631578945,0.5865978762415358,ES-B,1
G69030AU,compactness,0.3074,0.30282144736842104,0.318163947368421,0.004142836177068512,ES-B,1
G69030AU,branch_proxy,3.0,0.8921052631578947,2.0802631578947364,0.2855543279977159,ES-B,1
G69030AU,terminal_proxy,0.0,1.1302631578947369,2.1052631578947367,0.2630836737438903,ES-B,1
G69030AU,exposure_proxy,26.384,19.326644736842102,22.105486842105265,0.8097731791916968,ES-B,1
G74353FF,n_atoms,98.0,99.7175925925926,117.16944444444445,4.177575169108608,ES-B,1
G74353FF,n_residues,5.0,5.0,5.0,0.0,ES-B,1
G74353FF,radius_of_gyration,5.421,5.466575925925926,6.081827777777777,0.17591103310491474,ES-B,1
G74353FF,max_pair_distance,17.891,17.395523148148147,20.077591666666667,0.7575240532295984,ES-B,1
G74353FF,compactness,0.303,0.3020531481481481,0.31743425925925933,0.004041468164655755,ES-B,1
G74353FF,branch_proxy,1.0,0.6101851851851852,1.2416666666666665,0.152777665544291,ES-B,1
G74353FF,terminal_proxy,3.0,2.0,2.557407407407407,0.14424677833138913,ES-B,1
G74353FF,exposure_proxy,17.184,17.933414814814814,19.352567592592596,0.4018171251250483,ES-B,1
G74578MX,n_atoms,177.0,159.36363636363637,188.59318181818182,7.865999382214045,ES-B,1
G74578MX,n_residues,7.0,7.0,7.0,0.0,ES-B,1
G74578MX,radius_of_gyration,6.106,6.623131818181818,7.547670454545454,0.23020894370366454,ES-B,1
G74578MX,max_pair_distance,20.627,21.898504545454543,25.770947727272723,1.0488903957725046,ES-B,1
G74578MX,compactness,0.296,0.29246931818181815,0.3121538636363636,0.005123726575113955,ES-B,1
G74578MX,branch_proxy,6.0,1.5454545454545454,3.3636363636363638,0.5002941283645382,ES-B,1
G74578MX,terminal_proxy,0.0,1.1818181818181819,2.5499999999999985,0.34862658514199485,ES-B,1
G74578MX,exposure_proxy,26.791,19.919656818181817,23.895254545454545,1.0488561409758776,ES-B,1
G74917JX,n_atoms,177.0,154.40227272727273,190.2431818181818,8.914225746589382,ES-B,1
G74917JX,n_residues,7.0,7.0,7.0,0.0,ES-B,1
G74917JX,radius_of_gyration,6.547,6.645465909090909,7.543356818181819,0.22929782441219382,ES-B,1
G74917JX,max_pair_distance,21.104,21.82002272727273,25.643059090909087,1.0847838908345058,ES-B,1
G74917JX,compactness,0.3102,0.2922915909090909,0.31067249999999996,0.004717316876403018,ES-B,1
G74917JX,branch_proxy,4.0,1.6795454545454547,3.2295454545454536,0.4257137904801284,ES-B,1
G74917JX,terminal_proxy,0.0,1.315909090909091,2.4545454545454546,0.32312907126133805,ES-B,1
G74917JX,exposure_proxy,28.102,19.774138636363638,23.698945454545452,1.1274032805086442,ES-B,1
G75789AR,n_atoms,82.0,84.40277777777777,100.83518518518518,4.391119904899477,ES-B,1
G75789AR,n_residues,4.0,4.0,4.0,0.0,ES-B,1
G75789AR,radius_of_gyration,5.615,4.973908333333333,5.656148148148149,0.17709133051358758,ES-B,1
G75789AR,max_pair_distance,19.801,15.306992592592591,18.677999074074073,0.8748888515997318,ES-B,1
G75789AR,compactness,0.2836,0.3079513888888889,0.32344231481481484,0.004001181554572036,ES-B,1
G75789AR,branch_proxy,0.0,0.23981481481481481,0.5379629629629626,0.08427126491595448,ES-B,1
G75789AR,terminal_proxy,2.0,1.7212962962962963,2.2046296296296295,0.12023011772069869,ES-B,1
G75789AR,exposure_proxy,16.537,18.057285185185187,19.51664166666667,0.366248380207938,ES-B,1
G77824XV,n_atoms,61.0,43.30384615384616,58.06730769230768,3.924769695123946,ES-B,1
G77824XV,n_residues,2.0,2.0,2.0,0.0,ES-B,1
G77824XV,radius_of_gyration,4.198,3.5985673076923077,4.250936538461538,0.18221561850678616,ES-B,1
G77824XV,max_pair_distance,14.187,10.710309615384617,13.615561538461538,0.7478387960709685,ES-B,1
G77824XV,compactness,0.2959,0.3079061538461539,0.33915807692307687,0.008353122158739007,ES-B,1
G77824XV,branch_proxy,0.0,0.0,0.0,0.0,ES-B,1
G77824XV,terminal_proxy,2.0,2.0,2.0,0.0,ES-B,1
G77824XV,exposure_proxy,17.475,15.98158846153846,17.233371153846154,0.36400495267698335,ES-B,1
G78436BB,n_atoms,51.0,41.878846153846155,55.901923076923076,3.541400451765278,ES-B,1
G78436BB,n_residues,2.0,2.0,2.0,0.0,ES-B,1
G78436BB,radius_of_gyration,3.869,3.549346153846154,4.267413461538461,0.1906959255870532,ES-B,1
G78436BB,max_pair_distance,11.768,10.742367307692307,13.75150192307692,0.7900753146722389,ES-B,1
G78436BB,compactness,0.3288,0.3074203846153846,0.3410490384615384,0.008337885980703914,ES-B,1
G78436BB,branch_proxy,0.0,0.0,0.0,0.0,ES-B,1
G78436BB,terminal_proxy,2.0,2.0,2.0,0.0,ES-B,1
G78436BB,exposure_proxy,16.706,16.24424230769231,17.312009615384614,0.29006437491983234,ES-B,1
G78706CK,n_atoms,74.0,99.36666666666666,115.39907407407408,3.85138691994625,ES-B,1
G78706CK,n_residues,5.0,5.0,5.0,0.0,ES-B,1
G78706CK,radius_of_gyration,4.367,5.380600925925926,6.124636111111111,0.1723774121478589,ES-B,1
G78706CK,max_pair_distance,13.079,17.60726203703704,20.233625925925924,0.6984009963880565,ES-B,1
G78706CK,compactness,0.3339,0.2990313888888888,0.3177925925925926,0.004523804058587631,ES-B,1
G78706CK,branch_proxy,1.0,0.7212962962962963,1.2416666666666665,0.14740554623801774,ES-B,1
G78706CK,terminal_proxy,3.0,1.9805555555555556,2.5925925925925926,0.15148827296194625,ES-B,1
G78706CK,exposure_proxy,17.595,17.780910185185185,19.517534259259257,0.47806650513697524,ES-B,1
G78818SP,n_atoms,201.0,174.18088235294118,205.03088235294118,8.151521309177769,ES-B,1
G78818SP,n_residues,8.0,7.145588235294118,7.764705882352941,0.15869166639335217,ES-B,1
G78818SP,radius_of_gyration,7.18,7.1345044117647065,8.057213235294117,0.25478936051130113,ES-B,1
G78818SP,max_pair_distance,24.766,23.39863676470588,26.476207352941174,0.8332051236571828,ES-B,1
G78818SP,compactness,0.2899,0.29805426470588237,0.31238191176470587,0.0036629228426033025,ES-B,1
G78818SP,branch_proxy,2.0,1.7058823529411764,2.9720588235294114,0.347572401658221,ES-B,1
G78818SP,terminal_proxy,2.0,1.6749999999999998,2.5294117647058822,0.2395288050379465,ES-B,1
G78818SP,exposure_proxy,18.766,19.2495,22.24279264705882,0.7979818253205194,ES-B,1
G79389NT,n_atoms,108.0,100.22314814814814,116.57870370370371,4.311477011327369,ES-B,1
G79389NT,n_residues,5.0,5.0,5.0,0.0,ES-B,1
G79389NT,radius_of_gyration,5.569,5.457437962962962,6.07321574074074,0.1790563725978533,ES-B,1
G79389NT,max_pair_distance,17.714,17.66417222222222,20.09338888888889,0.6582785328815417,ES-B,1
G79389NT,compactness,0.3144,0.3031237962962963,0.3189491666666667,0.004191640933087442,ES-B,1
G79389NT,branch_proxy,1.0,0.6296296296296297,1.2787037037037035,0.15882801216586348,ES-B,1
G79389NT,terminal_proxy,3.0,1.9064814814814814,2.5555555555555554,0.16926979463119102,ES-B,1
G79389NT,exposure_proxy,17.833,17.850347222222226,19.41740462962963,0.4071562176604465,ES-B,1
G79535HZ,n_atoms,154.0,131.6434210526316,149.92499999999998,4.495230189860559,ES-B,1
G79535HZ,n_residues,6.0,6.0,6.0,0.0,ES-B,1
G79535HZ,radius_of_gyration,6.341,6.237780263157895,6.923,0.18705044611094812,ES-B,1
G79535HZ,max_pair_distance,21.104,20.22193552631579,22.857569736842105,0.6797469859118411,ES-B,1
G79535HZ,compactness,0.3005,0.3030672368421053,0.3175823684210526,0.00402606771131168,ES-B,1
G79535HZ,branch_proxy,2.0,1.105263157894737,1.894736842105263,0.2223296447038213,ES-B,1
G79535HZ,terminal_proxy,0.0,1.0776315789473685,2.0276315789473682,0.2531677424498913,ES-B,1
G79535HZ,exposure_proxy,27.091,19.279718421052635,21.966369736842108,0.7538656519931953,ES-B,1
G80062GG,n_atoms,132.0,101.38055555555556,114.39537037037036,3.657314129143383,ES-B,1
G80062GG,n_residues,5.0,5.0,5.0,0.0,ES-B,1
G80062GG,radius_of_gyration,6.083,5.398549074074073,6.097118518518519,0.1930992504221088,ES-B,1
G80062GG,max_pair_distance,19.025,17.46975925925926,20.10060925925925,0.6862332589102396,ES-B,1
G80062GG,compactness,0.3198,0.30367796296296296,0.31735314814814813,0.0037656041299702282,ES-B,1
G80062GG,branch_proxy,0.0,0.7037037037037037,1.2592592592592593,0.15305351099886907,ES-B,1
G80062GG,terminal_proxy,2.0,2.017592592592593,2.557407407407407,0.16199163385059653,ES-B,1
G80062GG,exposure_proxy,21.439,17.81022685185185,19.552082407407408,0.4408930902011344,ES-B,1
G80722US,n_atoms,110.0,132.34078947368423,150.40263157894736,4.467610086970065,ES-B,1
G80722US,n_residues,6.0,6.0,6.0,0.0,ES-B,1
G80722US,radius_of_gyration,5.696,6.233548684210526,6.909544736842106,0.1837980148878963,ES-B,1
G80722US,max_pair_distance,19.808,20.19499078947368,22.508924999999998,0.6877972464440859,ES-B,1
G80722US,compactness,0.2875,0.3026371052631579,0.3168265789473684,0.0037692523179021996,ES-B,1
G80722US,branch_proxy,1.0,0.8947368421052632,1.8171052631578943,0.2566970038791922,ES-B,1
G80722US,terminal_proxy,2.0,1.0776315789473685,2.0,0.23304500058823185,ES-B,1
G80722US,exposure_proxy,18.036,19.238596052631582,22.011500000000005,0.7151632926331702,ES-B,1
G81928IQ,n_atoms,119.0,83.71018518518518,100.69722222222222,4.224126536118597,ES-B,1
G81928IQ,n_residues,4.0,4.0,4.0,0.0,ES-B,1
G81928IQ,radius_of_gyration,5.927,4.953716666666667,5.650137962962962,0.18667858754226843,ES-B,1
G81928IQ,max_pair_distance,20.275,15.639716666666667,18.08526018518518,0.6547245008918163,ES-B,1
G81928IQ,compactness,0.2923,0.3082244444444444,0.3268010185185185,0.004901233507851998,ES-B,1
G81928IQ,branch_proxy,1.0,0.2222222222222222,0.5749999999999997,0.0961045098710685,ES-B,1
G81928IQ,terminal_proxy,1.0,1.7777777777777777,2.2222222222222223,0.11718228211977423,ES-B,1
G81928IQ,exposure_proxy,19.731,18.108400925925924,19.348955555555555,0.3507112840428817,ES-B,1
G82612XX,n_atoms,55.0,42.64038461538461,56.50192307692308,3.72209928359294,ES-B,1
G82612XX,n_residues,2.0,2.0,2.0,0.0,ES-B,1
G82612XX,radius_of_gyration,3.988,3.5697634615384617,4.173075000000001,0.16901360256696124,ES-B,1
G82612XX,max_pair_distance,12.119,10.643257692307692,14.036124999999997,0.8804244532439012,ES-B,1
G82612XX,compactness,0.329,0.3058946153846153,0.3415123076923077,0.008904576080398083,ES-B,1
G82612XX,branch_proxy,0.0,0.0,0.0,0.0,ES-B,1
G82612XX,terminal_proxy,2.0,2.0,2.0,0.0,ES-B,1
G82612XX,exposure_proxy,17.091,15.994673076923076,17.323507692307693,0.33865252095665205,ES-B,1
G82775QT,n_atoms,98.0,72.68452380952381,84.52619047619048,3.0663520616501936,ES-B,1
G82775QT,n_residues,3.0,3.0,3.0,0.0,ES-B,1
G82775QT,radius_of_gyration,5.135,4.546457142857143,4.937752380952381,0.10261332941752578,ES-B,1
G82775QT,max_pair_distance,15.899,14.195207142857141,15.74482261904762,0.44026392813310616,ES-B,1
G82775QT,compactness,0.323,0.3122475,0.327212857142857,0.003836980718187925,ES-B,1
G82775QT,branch_proxy,0.0,0.0,0.0,0.0,ES-B,1
G82775QT,terminal_proxy,2.0,1.1428571428571428,1.7142857142857142,0.17439496965846485,ES-B,1
G82775QT,exposure_proxy,19.51,17.73304404761905,19.039390476190476,0.34995726221057755,ES-B,1
G82974JM,n_atoms,99.0,72.99047619047619,84.83571428571427,2.986516334894907,ES-B,1
G82974JM,n_residues,3.0,3.0,3.0,0.0,ES-B,1
G82974JM,radius_of_gyration,5.305,4.563715476190477,4.929627380952381,0.09332393549746329,ES-B,1
G82974JM,max_pair_distance,16.143,14.257167857142857,16.049565476190473,0.4691565884404663,ES-B,1
G82974JM,compactness,0.3286,0.31157404761904767,0.3247116666666667,0.003666679746111483,ES-B,1
G82974JM,branch_proxy,0.0,0.0,0.0,0.0,ES-B,1
G82974JM,terminal_proxy,2.0,1.0476190476190477,1.7142857142857142,0.18598515045690123,ES-B,1
G82974JM,exposure_proxy,18.222,17.67504285714286,19.167482142857143,0.3827590331232109,ES-B,1
G83513YI,n_atoms,139.0,100.58148148148148,114.94166666666666,3.807099785814593,ES-B,1
G83513YI,n_residues,5.0,5.0,5.0,0.0,ES-B,1
G83513YI,radius_of_gyration,7.423,5.511291666666666,6.060692592592592,0.16349028161508222,ES-B,1
G83513YI,max_pair_distance,22.824,17.683944444444442,20.076670370370373,0.6253113704114484,ES-B,1
G83513YI,compactness,0.3252,0.30269805555555557,0.3186453703703704,0.004116165270110551,ES-B,1
G83513YI,branch_proxy,0.0,0.6842592592592592,1.2046296296296293,0.13902265163648123,ES-B,1
G83513YI,terminal_proxy,2.0,1.9435185185185184,2.5379629629629625,0.17350418929727232,ES-B,1
G83513YI,exposure_proxy,20.058,17.835603703703704,19.98917222222222,0.5232297580515655,ES-B,1
G84263XI,n_atoms,115.0,84.375,98.43055555555556,3.8536735542629694,ES-B,1
G84263XI,n_residues,4.0,4.0,4.0,0.0,ES-B,1
G84263XI,radius_of_gyration,6.473,4.894539814814815,5.605691666666666,0.18372321647377,ES-B,1
G84263XI,max_pair_distance,23.551,15.379914814814814,18.496641666666665,0.8502608457867809,ES-B,1
G84263XI,compactness,0.2748,0.3070822222222222,0.3263938888888889,0.004993988220555873,ES-B,1
G84263XI,branch_proxy,0.0,0.23981481481481481,0.5555555555555556,0.09100792108910201,ES-B,1
G84263XI,terminal_proxy,2.0,1.7583333333333333,2.2222222222222223,0.12237420404720335,ES-B,1
G84263XI,exposure_proxy,20.226,17.736849074074073,19.309145370370373,0.38255336431836956,ES-B,1
G84891DZ,n_atoms,119.0,100.00277777777778,113.34444444444445,3.495572331668439,ES-B,1
G84891DZ,n_residues,5.0,5.0,5.0,0.0,ES-B,1
G84891DZ,radius_of_gyration,5.779,5.481962037037037,6.071711111111111,0.16327810514335483,ES-B,1
G84891DZ,max_pair_distance,18.809,17.364458333333335,20.04526851851852,0.6944738628762384,ES-B,1
G84891DZ,compactness,0.3073,0.3029632407407407,0.32000935185185186,0.004462419653420927,ES-B,1
G84891DZ,branch_proxy,3.0,0.7037037037037037,1.2416666666666665,0.14519463310150785,ES-B,1
G84891DZ,terminal_proxy,1.0,1.9435185185185184,2.5555555555555554,0.17111592104831735,ES-B,1
G84891DZ,exposure_proxy,17.714,17.837162962962964,19.202149074074075,0.4218458582535234,ES-B,1
G85497PI,n_atoms,155.0,133.62894736842105,149.71052631578948,4.723769417205418,ES-B,1
G85497PI,n_residues,6.0,6.0,6.0,0.0,ES-B,1
G85497PI,radius_of_gyration,7.366,6.257902631578948,6.875628947368421,0.1697462007897334,ES-B,1
G85497PI,max_pair_distance,24.925,20.135167105263157,22.272964473684212,0.6086588785032928,ES-B,1
G85497PI,compactness,0.2955,0.3015207894736842,0.31762907894736836,0.00402219988146121,ES-B,1
G85497PI,branch_proxy,1.0,0.9723684210526315,1.9749999999999996,0.2679562539233233,ES-B,1
G85497PI,terminal_proxy,1.0,0.9723684210526315,2.0526315789473686,0.2726681544252521,ES-B,1
G85497PI,exposure_proxy,24.297,19.36460657894737,22.092664473684213,0.7879081507355846,ES-B,1
G91237TK,n_atoms,81.0,85.8425925925926,100.87314814814815,4.079270490740411,ES-B,1
G91237TK,n_residues,4.0,4.0,4.0,0.0,ES-B,1
G91237TK,radius_of_gyration,5.141,4.919545370370371,5.65243611111111,0.17826179133837394,ES-B,1
G91237TK,max_pair_distance,16.869,15.10366851851852,18.599487037037033,0.8743411448659425,ES-B,1
G91237TK,compactness,0.3048,0.3088937962962963,0.32455472222222226,0.004304353667213635,ES-B,1
G91237TK,branch_proxy,0.0,0.25925925925925924,0.5925925925925926,0.08988561546939955,ES-B,1
G91237TK,terminal_proxy,2.0,1.7212962962962963,2.2046296296296295,0.1177661303348575,ES-B,1
G91237TK,exposure_proxy,17.012,18.037205555555555,19.37334537037037,0.35614426277749867,ES-B,1
G91532KA,n_atoms,149.0,157.3068181818182,190.16590909090908,8.58951580813388,ES-B,1
G91532KA,n_residues,7.0,7.0,7.0,0.0,ES-B,1
G91532KA,radius_of_gyration,6.235,6.66940681818182,7.629040909090909,0.252904214259238,ES-B,1
G91532KA,max_pair_distance,18.693,21.494445454545456,25.524913636363635,1.1121772141399346,ES-B,1
G91532KA,compactness,0.3335,0.29421772727272727,0.31202863636363637,0.004807499774586019,ES-B,1
G91532KA,branch_proxy,1.0,1.4068181818181817,3.2295454545454536,0.4573585677607147,ES-B,1
G91532KA,terminal_proxy,3.0,1.225,2.5931818181818174,0.3338666532446155,ES-B,1
G91532KA,exposure_proxy,17.812,19.353218181818185,23.924847727272724,1.1270040594568551,ES-B,1
G91649BT,n_atoms,96.0,83.98981481481482,99.14814814814815,4.2508734840299685,ES-B,1
G91649BT,n_residues,4.0,4.0,4.0,0.0,ES-B,1
G91649BT,radius_of_gyration,4.76,4.921133333333334,5.525762037037037,0.16545333055591196,ES-B,1
G91649BT,max_pair_distance,14.655,15.432359259259258,18.177587037037036,0.7873309697175678,ES-B,1
G91649BT,compactness,0.3248,0.3079735185185185,0.32484703703703705,0.00445356993331099,ES-B,1
G91649BT,branch_proxy,0.0,0.2222222222222222,0.5925925925925926,0.090099015796302,ES-B,1
G91649BT,terminal_proxy,2.0,1.7037037037037037,2.2046296296296295,0.12388044592833013,ES-B,1
G91649BT,exposure_proxy,21.688,18.022927777777777,19.28409444444444,0.315641556862398,ES-B,1
G92175CL,n_atoms,206.0,160.35454545454544,185.82272727272726,7.500176306467681,ES-B,1
G92175CL,n_residues,7.0,7.0,7.0,0.0,ES-B,1
G92175CL,radius_of_gyration,7.136,6.707047727272728,7.656597727272724,0.2536550653564632,ES-B,1
G92175CL,max_pair_distance,25.307,21.678502272727272,25.63865227272727,0.9775594485657458,ES-B,1
G92175CL,compactness,0.282,0.29204681818181816,0.3126470454545454,0.005013339396133726,ES-B,1
G92175CL,branch_proxy,3.0,1.4977272727272728,3.3636363636363638,0.4926995966732502,ES-B,1
G92175CL,terminal_proxy,1.0,1.4068181818181817,2.4545454545454546,0.29684149984976477,ES-B,1
G92175CL,exposure_proxy,22.301,19.40612727272727,24.102663636363634,1.1079443328689236,ES-B,1
G93400AK,n_atoms,151.0,101.14907407407406,115.69722222222222,3.671853495617501,ES-B,1
G93400AK,n_residues,5.0,5.0,5.0,0.0,ES-B,1
G93400AK,radius_of_gyration,7.174,5.446215740740741,6.191714814814814,0.18961651584104752,ES-B,1
G93400AK,max_pair_distance,26.387,17.362325925925926,19.980212962962963,0.7265975570357096,ES-B,1
G93400AK,compactness,0.2719,0.30405379629629625,0.3179418518518518,0.003807389206614524,ES-B,1
G93400AK,branch_proxy,2.0,0.7037037037037037,1.2592592592592593,0.1502311890084467,ES-B,1
G93400AK,terminal_proxy,2.0,1.9435185185185184,2.5749999999999997,0.16194801787557375,ES-B,1
G93400AK,exposure_proxy,21.497,17.747456481481482,19.65462962962963,0.4768435564688026,ES-B,1
G93855LZ,n_atoms,168.0,132.22763157894738,150.9578947368421,5.011964742665042,ES-B,1
G93855LZ,n_residues,6.0,6.0,6.0,0.0,ES-B,1
G93855LZ,radius_of_gyration,7.71,6.2067,6.934071052631579,0.19387840570331957,ES-B,1
G93855LZ,max_pair_distance,23.243,20.190467105263156,22.40794078947368,0.5865258964520359,ES-B,1
G93855LZ,compactness,0.3317,0.30269973684210527,0.3156730263157895,0.0034447091434695147,ES-B,1
G93855LZ,branch_proxy,1.0,1.025,1.8697368421052627,0.2248693064563272,ES-B,1
G93855LZ,terminal_proxy,1.0,1.105263157894737,2.055263157894736,0.2507269210110226,ES-B,1
G93855LZ,exposure_proxy,23.024,19.285482894736845,22.261455263157895,0.7718282537282404,ES-B,1
G93899SO,n_atoms,153.0,132.4934210526316,148.68684210526314,4.503488675383505,ES-B,1
G93899SO,n_residues,6.0,6.0,6.0,0.0,ES-B,1
G93899SO,radius_of_gyration,6.466,6.308477631578947,6.78707894736842,0.13129665663274245,ES-B,1
G93899SO,max_pair_distance,19.781,20.150035526315786,22.141286842105263,0.5345204880227389,ES-B,1
G93899SO,compactness,0.3269,0.30187210526315794,0.3189669736842105,0.004509434434875138,ES-B,1
G93899SO,branch_proxy,4.0,0.8421052631578947,2.0802631578947364,0.28249776308775343,ES-B,1
G93899SO,terminal_proxy,1.0,1.105263157894737,2.0,0.23977078158280885,ES-B,1
G93899SO,exposure_proxy,18.418,19.15217631578948,22.560043421052633,0.8356146589589226,ES-B,1
G94435QH,n_atoms,71.0,84.51388888888889,101.26296296296296,4.414857366809597,ES-B,1
G94435QH,n_residues,4.0,4.0,4.0,0.0,ES-B,1
G94435QH,radius_of_gyration,4.315,4.92872962962963,5.5880935185185185,0.16828283539143254,ES-B,1
G94435QH,max_pair_distance,12.564,15.368182407407406,18.460637037037035,0.75591021946192,ES-B,1
G94435QH,compactness,0.3434,0.30623879629629636,0.3258031481481482,0.004323784715514634,ES-B,1
G94435QH,branch_proxy,0.0,0.20277777777777778,0.6120370370370367,0.09822219429081777,ES-B,1
G94435QH,terminal_proxy,2.0,1.7777777777777777,2.185185185185185,0.10545869500029852,ES-B,1
G94435QH,exposure_proxy,17.718,18.048111111111112,19.348613888888888,0.3505912423102389,ES-B,1
G94956AW,n_atoms,92.0,101.82314814814815,114.28981481481482,3.280551159821853,ES-B,1
G94956AW,n_residues,5.0,5.0,5.0,0.0,ES-B,1
G94956AW,radius_of_gyration,5.151,5.477310185185186,6.071914814814814,0.1729869884003705,ES-B,1
G94956AW,max_pair_distance,17.234,17.56253611111111,20.212707407407407,0.6496223011769379,ES-B,1
G94956AW,compactness,0.2989,0.3031625,0.3176305555555556,0.003642286611073002,ES-B,1
G94956AW,branch_proxy,1.0,0.6666666666666666,1.2787037037037035,0.15026770806727408,ES-B,1
G94956AW,terminal_proxy,3.0,1.9435185185185184,2.5009259259259258,0.14971898688641178,ES-B,1
G94956AW,exposure_proxy,17.783,17.71015092592593,19.438394444444445,0.45210340026981505,ES-B,1
G95233MF,n_atoms,120.0,84.25,100.78055555555555,3.9636249187543773,ES-B,1
G95233MF,n_residues,4.0,4.0,4.0,0.0,ES-B,1
G95233MF,radius_of_gyration,6.012,4.963937962962962,5.649951851851852,0.19691714853766054,ES-B,1
G95233MF,max_pair_distance,20.333,15.649675925925926,18.34905,0.715052111740293,ES-B,1
G95233MF,compactness,0.2957,0.309327037037037,0.32591935185185184,0.00441967183979397,ES-B,1
G95233MF,branch_proxy,0.0,0.23981481481481481,0.5555555555555556,0.08204853192605491,ES-B,1
G95233MF,terminal_proxy,2.0,1.6842592592592593,2.111111111111111,0.11571392281897794,ES-B,1
G95233MF,exposure_proxy,18.9,18.029152777777778,19.311607407407408,0.34372600419033333,ES-B,1
G97501MA,n_atoms,130.0,100.88148148148149,114.59907407407407,3.600315848817752,ES-B,1
G97501MA,n_residues,5.0,5.0,5.0,0.0,ES-B,1
G97501MA,radius_of_gyration,4.886,5.533338888888889,6.118960185185186,0.1583040889171889,ES-B,1
G97501MA,max_pair_distance,16.453,17.50985185185185,20.23427037037037,0.744505668248894,ES-B,1
G97501MA,compactness,0.297,0.30500518518518516,0.3198637037037037,0.00404976137826051,ES-B,1
G97501MA,branch_proxy,3.0,0.6842592592592592,1.3157407407407404,0.16396995274947151,ES-B,1
G97501MA,terminal_proxy,0.0,1.9259259259259258,2.5185185185185186,0.1544049154494506,ES-B,1
G97501MA,exposure_proxy,27.969,17.80579351851852,19.55168888888889,0.48465336266149517,ES-B,1
G97932OH,n_atoms,200.0,157.35,189.19545454545454,8.86905079382631,ES-B,1
G97932OH,n_residues,7.0,7.0,7.0,0.0,ES-B,1
G97932OH,radius_of_gyration,7.945,6.652145454545454,7.648625,0.27210198102036415,ES-B,1
G97932OH,max_pair_distance,26.933,21.764499999999998,25.578836363636363,1.033067796106367,ES-B,1
G97932OH,compactness,0.295,0.29259613636363635,0.3126656818181818,0.005292434662908647,ES-B,1
G97932OH,branch_proxy,1.0,1.4068181818181817,3.272727272727273,0.48550135967670977,ES-B,1
G97932OH,terminal_proxy,3.0,1.315909090909091,2.4545454545454546,0.33700675619193193,ES-B,1
G97932OH,exposure_proxy,21.44,19.81101136363636,23.59399318181818,1.011801038036172,ES-B,1
G98544DH,n_atoms,117.0,100.70833333333333,115.16666666666666,3.8463959936436196,ES-B,1
G98544DH,n_residues,5.0,5.0,5.0,0.0,ES-B,1
G98544DH,radius_of_gyration,5.644,5.5056722222222225,6.064531481481481,0.1624180431012164,ES-B,1
G98544DH,max_pair_distance,17.397,17.612756481481483,19.873803703703704,0.6333025906745877,ES-B,1
G98544DH,compactness,0.3244,0.30447425925925925,0.3163220370370371,0.0030328347211505337,ES-B,1
G98544DH,branch_proxy,1.0,0.6296296296296297,1.3333333333333333,0.18864326804547035,ES-B,1
G98544DH,terminal_proxy,1.0,1.962962962962963,2.5379629629629625,0.15726573144860848,ES-B,1
G98544DH,exposure_proxy,18.068,17.86813148148148,19.798845370370373,0.4983959109602182,ES-B,1
G99053DY,n_atoms,114.0,130.74605263157895,152.35394736842105,5.318562356517614,ES-B,1
G99053DY,n_residues,6.0,6.0,6.0,0.0,ES-B,1
G99053DY,radius_of_gyration,6.285,6.269453947368421,6.888569736842105,0.17963720363454752,ES-B,1
G99053DY,max_pair_distance,18.799,20.169173684210527,22.245765789473683,0.5719788428656019,ES-B,1
G99053DY,compactness,0.3343,0.30282434210526316,0.31721855263157894,0.003944730940271558,ES-B,1
G99053DY,branch_proxy,0.0,1.0526315789473684,1.8697368421052627,0.22811949534207868,ES-B,1
G99053DY,terminal_proxy,2.0,0.9973684210526316,2.0276315789473682,0.2740741149736964,ES-B,1
G99053DY,exposure_proxy,16.877,19.391097368421054,22.20099605263158,0.77169529832492,ES-B,1
G99315PE,n_atoms,98.0,98.57314814814815,114.30740740740741,4.019862806386227,ES-B,1
G99315PE,n_residues,5.0,5.0,5.0,0.0,ES-B,1
G99315PE,radius_of_gyration,5.142,5.521282407407407,6.146956481481482,0.15861826674568313,ES-B,1
G99315PE,max_pair_distance,15.71,17.54500185185185,20.097853703703706,0.689793849087308,ES-B,1
G99315PE,compactness,0.3273,0.3021041666666667,0.31891203703703697,0.004348614347365431,ES-B,1
G99315PE,branch_proxy,1.0,0.7037037037037037,1.3333333333333333,0.15822922719962973,ES-B,1
G99315PE,terminal_proxy,3.0,1.8324074074074075,2.6296296296296298,0.17882254731815916,ES-B,1
G99315PE,exposure_proxy,17.755,17.846263888888892,19.67734722222222,0.43437163815990887,ES-B,1
G99745QX,n_atoms,90.0,101.64722222222223,114.09537037037038,3.6735826097519775,ES-B,1
G99745QX,n_residues,5.0,5.0,5.0,0.0,ES-B,1
G99745QX,radius_of_gyration,5.506,5.463181481481481,6.0793175925925915,0.1716411982685762,ES-B,1
G99745QX,max_pair_distance,20.106,17.375108333333333,19.909674074074072,0.6678940133298387,ES-B,1
G99745QX,compactness,0.2738,0.3021975,0.31745907407407403,0.003953226118088964,ES-B,1
G99745QX,branch_proxy,1.0,0.6842592592592592,1.4074074074074074,0.18035021562046558,ES-B,1
G99745QX,terminal_proxy,1.0,1.9259259259259258,2.612037037037037,0.17256874735929958,ES-B,1
G99745QX,exposure_proxy,17.178,17.942218518518516,19.6316537037037,0.47620569358929193,ES-B,1
